Time,Open,High,Low,Latest,Change,%Change,Volume,"Open Int"
2026-04-01,1.08923,1.08923,1.08923,1.08923,0.00270,+0.25%,0,3781
2026-03-31,1.08653,1.08653,1.08653,1.08653,0.00145,+0.13%,0,3781
2026-03-30,1.08508,1.08508,1.08508,1.08508,-0.00001,0.00%,0,3781
2026-03-27,1.08509,1.08509,1.08509,1.08509,0.00013,+0.01%,0,3781
2026-03-26,1.08496,1.08496,1.08496,1.08496,0.00080,+0.07%,0,3781
2026-03-25,1.08416,1.08416,1.08416,1.08416,0.00034,+0.03%,0,3781
2026-03-24,1.08382,1.08382,1.08382,1.08382,-0.00010,-0.01%,0,3781
2026-03-23,1.08392,1.08392,1.08392,1.08392,-0.00047,-0.04%,0,3781
2026-03-20,1.08439,1.08439,1.08439,1.08439,0.00043,+0.04%,0,3781
2026-03-19,1.08000,1.08396,1.07000,1.08396,-0.00407,-0.37%,21,3781
2026-03-18,1.08803,1.08803,1.08803,1.08803,-0.00113,-0.10%,0,3781
2026-03-17,1.08916,1.08916,1.08916,1.08916,-0.00048,-0.04%,0,3781
2026-03-16,1.09000,1.09000,1.08964,1.08964,-0.00036,-0.03%,3,3781
2026-03-13,1.09000,1.09000,1.09000,1.09000,0,0.00%,2,3784
2026-03-12,1.09000,1.09000,1.09000,1.09000,0.00648,+0.60%,0,3786
2026-03-11,1.08352,1.08352,1.08352,1.08352,0.00086,+0.08%,0,3786
2026-03-10,1.09061,1.09061,1.08266,1.08266,-0.00795,-0.73%,2,3786
2026-03-09,1.09061,1.09061,1.09061,1.09061,-0.00439,-0.40%,0,3788
2026-03-06,1.08500,1.10000,1.08500,1.09500,0.02767,+2.59%,22,3788
2026-03-05,1.06733,1.07000,1.06733,1.06733,0.00361,+0.34%,30,3788
2026-03-04,1.06372,1.06372,1.06372,1.06372,-0.00060,-0.06%,0,3778
2026-03-03,1.06432,1.06432,1.06432,1.06432,-0.00068,-0.06%,0,3778
2026-03-02,1.06500,1.06500,1.06500,1.06500,0.03000,+2.90%,3,3778
2026-02-27,1.03500,1.03500,1.03500,1.03500,0.00250,+0.24%,46,3775
2026-02-26,1.03250,1.03250,1.03250,1.03250,0.00267,+0.26%,15,3729
2026-02-25,1.03000,1.03000,1.02000,1.02983,0.00733,+0.72%,237,3729
2026-02-24,1.02500,1.02500,1.02250,1.02250,0.01000,+0.99%,2,3904
2026-02-23,1.01250,1.01500,1.01250,1.01250,0.01250,+1.25%,116,3902
2026-02-20,1.00000,1.00000,1.00000,1.00000,-0.00100,-0.10%,25,3986
2026-02-19,1.00100,1.00100,1.00100,1.00100,0.00350,+0.35%,10,3984
2026-02-18,0.99750,0.99750,0.99750,0.99750,0.00500,+0.50%,103,3984
2026-02-17,0.99500,0.99500,0.99250,0.99250,0.02250,+2.32%,36,3884
2026-02-13,0.93000,0.97500,0.93000,0.97000,-0.02749,-2.76%,17,3889
2026-02-12,1.00000,1.00000,0.99749,0.99749,0,0.00%,5,3879
2026-02-11,0.99700,0.99749,0.99749,0.99749,0.00249,+0.25%,142,3874
2026-02-10,0.99500,0.99500,0.99500,0.99500,-0.00429,-0.43%,40,3796
2026-02-09,0.99929,0.99929,0.99929,0.99929,0,0.00%,0,3806
2026-02-06,0.99500,0.99929,0.99500,0.99929,0.00929,+0.94%,303,3806
2026-02-05,0.99000,0.99000,0.99000,0.99000,0,0.00%,0,3706
2026-02-04,0.99000,0.99000,0.99000,0.99000,-0.00250,-0.25%,4,3706
2026-02-03,0.99250,0.99250,0.99250,0.99250,-0.00250,-0.25%,66,3706
2026-02-02,0.99750,0.99750,0.99250,0.99500,-0.00859,-0.86%,149,3719
2026-01-30,0.99250,1.00000,0.99250,1.00359,0.00761,+0.76%,69,3758
2026-01-29,0.99500,1.00000,0.98750,0.99598,-0.00382,-0.38%,63,3753
2026-01-28,0.99500,1.00000,0.99500,0.99980,0.01702,+1.73%,290,3697
2026-01-27,0.98000,0.98750,0.98000,0.98278,0.01528,+1.58%,108,3515
2026-01-26,0.96750,0.96750,0.96750,0.96750,0.00233,+0.24%,0,3497
2026-01-23,0.97000,0.97000,0.97000,0.96517,0,0.00%,10,3497
2026-01-22,0.96700,0.96700,0.96517,0.96517,-0.00037,-0.04%,115,3497
2026-01-21,0.96000,0.96554,0.96000,0.96554,0.00054,+0.06%,55,3396
2026-01-20,0.96000,0.96500,0.96000,0.96500,0.01050,+1.10%,25,3396
2026-01-16,0.95500,0.95500,0.95450,0.95450,0.00450,+0.47%,14,3391
2026-01-15,0.94750,0.95000,0.94750,0.95000,0.00937,+1.00%,130,3402
2026-01-14,0.94063,0.94063,0.94063,0.94063,-0.00937,-0.99%,32,3350
2026-01-13,0.95000,0.95000,0.95000,0.95000,-0.00014,-0.01%,20,3318
2026-01-12,0.95014,0.95014,0.95014,0.95014,0,0.00%,0,3298
2026-01-09,0.95014,0.95014,0.95014,0.95014,0.00229,+0.24%,205,3298
2026-01-08,0.94000,0.95500,0.94000,0.94785,0.01285,+1.37%,179,3168
2026-01-07,0.93500,0.93500,0.93500,0.93500,0.02500,+2.75%,95,3086
2026-01-06,0.91000,0.91000,0.91000,0.91000,0.03500,+4.00%,10,3061
2026-01-05,0.86000,0.87500,0.86000,0.87500,0.02250,+2.64%,67,3051
2026-01-02,0.86000,0.86000,0.85250,0.85250,0,0.00%,77,3044
2025-12-31,0.85250,0.85250,0.85250,0.85250,0.00250,+0.29%,21,2969
2025-12-30,0.85000,0.85000,0.85000,0.85000,-0.00250,-0.29%,6,2969
2025-12-29,0.85250,0.85250,0.85250,0.85250,0,0.00%,0,2968
2025-12-26,0.85250,0.85250,0.85250,0.85250,0,0.00%,0,2968
2025-12-24,0.85250,0.85250,0.85250,0.85250,0,0.00%,0,2968
2025-12-23,0.85250,0.85250,0.85250,0.85250,-0.00250,-0.29%,8,2968
2025-12-22,0.85500,0.85500,0.85500,0.85500,0.00500,+0.59%,2,2965
2025-12-19,0.83000,0.85000,0.83000,0.85000,0.01000,+1.19%,30,2965
2025-12-18,0.84000,0.84000,0.84000,0.84000,0.00500,+0.60%,4,2940
2025-12-17,0.83500,0.83500,0.83500,0.83500,-0.00057,-0.07%,23,2940
2025-12-16,0.83557,0.83557,0.83557,0.83557,0.00557,+0.67%,110,2917
2025-12-15,0.83000,0.83000,0.83000,0.83000,-0.00750,-0.90%,2,2862
2025-12-12,0.83750,0.83750,0.83750,0.83750,0,0.00%,1,2862
2025-12-11,0.83750,0.83750,0.83750,0.83750,0.00750,+0.90%,15,2862
2025-12-10,0.83000,0.83000,0.83000,0.83000,0,0.00%,50,2852
2025-12-09,0.82750,0.83000,0.82750,0.83000,0.00750,+0.91%,67,2872
2025-12-08,0.82250,0.82250,0.82250,0.82250,0.00250,+0.30%,40,2865
2025-12-05,0.82000,0.82250,0.82000,0.82000,-0.00750,-0.91%,9,2825
2025-12-04,0.82000,0.82750,0.82000,0.82750,0.00750,+0.91%,31,2819
2025-12-03,0.82000,0.82000,0.82000,0.82000,0.00600,+0.74%,27,2804
2025-12-02,0.81400,0.81400,0.81400,0.81400,0,0.00%,10,2777
2025-12-01,0.81400,0.81400,0.81400,0.81400,0,0.00%,0,2772
2025-11-28,0.81400,0.81400,0.81400,0.81400,0,0.00%,0,2772
2025-11-26,0.81400,0.81400,0.81400,0.81400,-0.00100,-0.12%,8,2772
2025-11-25,0.81750,0.81750,0.81500,0.81500,0.00071,+0.09%,66,2769
2025-11-24,0.81429,0.81429,0.81429,0.81429,0,0.00%,0,2771
2025-11-21,0.81750,0.81750,0.81750,0.81429,0.00262,+0.32%,35,2771
2025-11-20,0.80750,0.81167,0.80750,0.81167,-0.00083,-0.10%,12,2741
2025-11-19,0.81250,0.81250,0.81250,0.81250,0.00632,+0.78%,2,2741
