date,premium_usd_t,premium_cpl,outlier
2019-03-12,86.000,3.901,False
2019-03-13,86.000,3.901,False
2019-03-14,86.170,3.909,False
2019-03-15,86.500,3.924,False
2019-03-18,87.250,3.958,False
2019-03-19,87.330,3.961,False
2019-03-20,87.670,3.977,False
2019-03-21,87.670,3.977,False
2019-03-22,87.670,3.977,False
2019-03-25,87.670,3.977,False
2019-03-26,87.670,3.977,False
2019-03-27,87.670,3.977,False
2019-03-28,87.750,3.980,False
2019-03-29,88.100,3.996,False
2019-04-01,91.000,4.128,False
2019-04-02,91.750,4.162,False
2019-04-03,91.750,4.162,False
2019-04-04,91.750,4.162,False
2019-04-05,91.750,4.162,False
2019-04-08,91.750,4.162,False
2019-04-09,93.000,4.218,False
2019-04-10,93.170,4.226,False
2019-04-11,93.000,4.218,False
2019-04-12,93.000,4.218,False
2019-04-15,93.000,4.218,False
2019-04-16,93.000,4.218,False
2019-04-17,93.000,4.218,False
2019-04-18,92.380,4.190,False
2019-04-23,92.500,4.196,False
2019-04-24,92.500,4.196,False
2019-04-25,92.000,4.173,False
2019-04-26,91.750,4.162,False
2019-04-29,91.000,4.128,False
2019-04-30,90.850,4.121,False
2019-05-01,91.500,4.150,False
2019-05-02,88.500,4.014,False
2019-05-03,86.000,3.901,False
2019-05-07,85.000,3.856,False
2019-05-08,85.000,3.856,False
2019-05-09,85.000,3.856,False
2019-05-10,87.000,3.946,False
2019-05-13,87.000,3.946,False
2019-05-14,87.000,3.946,False
2019-05-15,87.000,3.946,False
2019-05-16,87.000,3.946,False
2019-05-17,87.250,3.958,False
2019-05-20,87.000,3.946,False
2019-05-21,87.000,3.946,False
2019-05-22,87.500,3.969,False
2019-05-23,88.000,3.992,False
2019-05-24,88.000,3.992,False
2019-05-28,88.250,4.003,False
2019-05-29,88.250,4.003,False
2019-05-30,88.500,4.014,False
2019-05-31,88.690,4.023,False
2019-06-03,96.000,4.354,False
2019-06-04,95.000,4.309,False
2019-06-05,95.000,4.309,False
2019-06-06,95.000,4.309,False
2019-06-07,95.000,4.309,False
2019-06-10,95.000,4.309,False
2019-06-11,95.000,4.309,False
2019-06-12,95.000,4.309,False
2019-06-13,95.000,4.309,False
2019-06-14,95.000,4.309,False
2019-06-17,95.000,4.309,False
2019-06-18,95.000,4.309,False
2019-06-19,95.000,4.309,False
2019-06-20,95.000,4.309,False
2019-06-21,95.000,4.309,False
2019-06-24,95.000,4.309,False
2019-06-25,95.000,4.309,False
2019-06-26,95.000,4.309,False
2019-06-27,95.000,4.309,False
2019-06-28,95.000,4.309,False
2019-07-01,96.670,4.385,False
2019-07-02,95.000,4.309,False
2019-07-03,95.000,4.309,False
2019-07-04,95.000,4.309,False
2019-07-05,95.000,4.309,False
2019-07-08,95.000,4.309,False
2019-07-09,95.000,4.309,False
2019-07-10,95.000,4.309,False
2019-07-11,95.000,4.309,False
2019-07-12,95.000,4.309,False
2019-07-15,95.000,4.309,False
2019-07-16,95.000,4.309,False
2019-07-17,95.000,4.309,False
2019-07-18,95.000,4.309,False
2019-07-19,95.000,4.309,False
2019-07-22,95.000,4.309,False
2019-07-23,95.000,4.309,False
2019-07-24,95.000,4.309,False
2019-07-25,97.000,4.400,False
2019-07-26,96.500,4.377,False
2019-07-29,96.500,4.377,False
2019-07-30,96.500,4.377,False
2019-07-31,96.520,4.378,False
2019-08-01,98.000,4.445,False
2019-08-02,98.000,4.445,False
2019-08-05,98.000,4.445,False
2019-08-06,98.000,4.445,False
2019-08-07,98.000,4.445,False
2019-08-08,98.000,4.445,False
2019-08-09,98.000,4.445,False
2019-08-12,98.000,4.445,False
2019-08-13,98.000,4.445,False
2019-08-14,100.000,4.536,False
2019-08-15,100.000,4.536,False
2019-08-16,100.000,4.536,False
2019-08-19,103.000,4.672,False
2019-08-20,103.000,4.672,False
2019-08-21,103.000,4.672,False
2019-08-22,103.000,4.672,False
2019-08-23,103.000,4.672,False
2019-08-27,103.000,4.672,False
2019-08-28,103.000,4.672,False
2019-08-29,103.000,4.672,False
2019-08-30,102.860,4.666,False
2019-09-02,102.000,4.627,False
2019-09-03,103.000,4.672,False
2019-09-04,105.000,4.763,False
2019-09-05,106.000,4.808,False
2019-09-06,107.000,4.853,False
2019-09-09,108.000,4.899,False
2019-09-10,108.500,4.921,False
2019-09-11,108.500,4.921,False
2019-09-12,109.500,4.967,False
2019-09-13,109.500,4.967,False
2019-09-16,109.500,4.967,False
2019-09-17,109.500,4.967,False
2019-09-18,109.500,4.967,False
2019-09-19,109.500,4.967,False
2019-09-20,109.500,4.967,False
2019-09-23,108.500,4.921,False
2019-09-24,108.500,4.921,False
2019-09-25,108.500,4.921,False
2019-09-26,108.500,4.921,False
2019-09-27,108.500,4.921,False
2019-09-30,108.100,4.903,False
2019-10-01,98.500,4.468,False
2019-10-02,98.500,4.468,False
2019-10-03,98.500,4.468,False
2019-10-04,102.000,4.627,False
2019-10-07,102.000,4.627,False
2019-10-08,100.000,4.536,False
2019-10-09,100.000,4.536,False
2019-10-10,100.000,4.536,False
2019-10-11,99.000,4.491,False
2019-10-14,99.000,4.491,False
2019-10-15,98.750,4.479,False
2019-10-16,98.750,4.479,False
2019-10-17,98.750,4.479,False
2019-10-18,98.750,4.479,False
2019-10-21,98.000,4.445,False
2019-10-22,97.000,4.400,False
2019-10-23,97.000,4.400,False
2019-10-24,97.000,4.400,False
2019-10-25,97.000,4.400,False
2019-10-28,97.000,4.400,False
2019-10-29,97.000,4.400,False
2019-10-30,97.000,4.400,False
2019-10-31,96.850,4.393,False
2019-11-01,92.000,4.173,False
2019-11-04,92.000,4.173,False
2019-11-05,91.000,4.128,False
2019-11-06,90.000,4.082,False
2019-11-07,89.170,4.045,False
2019-11-08,88.750,4.026,False
2019-11-11,86.000,3.901,False
2019-11-12,86.000,3.901,False
2019-11-13,85.000,3.856,False
2019-11-14,84.000,3.810,False
2019-11-15,84.000,3.810,False
2019-11-18,82.500,3.742,False
2019-11-19,82.500,3.742,False
2019-11-20,82.000,3.719,False
2019-11-21,82.000,3.719,False
2019-11-22,82.000,3.719,False
2019-11-25,82.000,3.719,False
2019-11-26,82.000,3.719,False
2019-11-27,82.000,3.719,False
2019-11-28,82.000,3.719,False
2019-11-29,81.550,3.699,False
2019-12-02,80.000,3.629,False
2019-12-03,78.000,3.538,False
2019-12-04,77.000,3.493,False
2019-12-05,76.000,3.447,False
2019-12-06,75.000,3.402,False
2019-12-09,75.000,3.402,False
2019-12-10,75.000,3.402,False
2019-12-11,75.000,3.402,False
2019-12-12,76.000,3.447,False
2019-12-13,77.000,3.493,False
2019-12-16,77.000,3.493,False
2019-12-17,79.500,3.606,False
2019-12-18,81.000,3.674,False
2019-12-19,81.000,3.674,False
2019-12-20,81.000,3.674,False
2019-12-23,81.000,3.674,False
2019-12-24,81.000,3.674,False
2019-12-27,81.000,3.674,False
2019-12-30,81.000,3.674,False
2019-12-31,81.630,3.703,False
2020-01-02,95.000,4.309,False
2020-01-03,93.000,4.218,False
2020-01-06,93.000,4.218,False
2020-01-07,93.000,4.218,False
2020-01-08,93.000,4.218,False
2020-01-09,94.000,4.264,False
2020-01-10,95.000,4.309,False
2020-01-13,96.000,4.354,False
2020-01-14,96.000,4.354,False
2020-01-15,96.000,4.354,False
2020-01-16,97.000,4.400,False
2020-01-17,98.000,4.445,False
2020-01-20,99.000,4.491,False
2020-01-21,99.000,4.491,False
2020-01-22,99.000,4.491,False
2020-01-23,99.000,4.491,False
2020-01-24,99.000,4.491,False
2020-01-27,99.000,4.491,False
2020-01-28,99.000,4.491,False
2020-01-29,99.000,4.491,False
2020-01-30,99.250,4.502,False
2020-01-31,99.550,4.516,False
2020-02-03,105.330,4.778,False
2020-02-04,107.000,4.853,False
2020-02-05,107.000,4.853,False
2020-02-06,107.000,4.853,False
2020-02-07,107.500,4.876,False
2020-02-10,107.500,4.876,False
2020-02-11,107.500,4.876,False
2020-02-12,107.500,4.876,False
2020-02-13,107.500,4.876,False
2020-02-14,107.500,4.876,False
2020-02-17,107.500,4.876,False
2020-02-18,107.500,4.876,False
2020-02-19,107.500,4.876,False
2020-02-20,107.500,4.876,False
2020-02-21,107.500,4.876,False
2020-02-24,107.500,4.876,False
2020-02-25,107.500,4.876,False
2020-02-26,107.500,4.876,False
2020-02-27,107.670,4.884,False
2020-02-28,107.730,4.887,False
2020-03-02,107.000,4.853,False
2020-03-03,107.500,4.876,False
2020-03-04,107.500,4.876,False
2020-03-05,107.500,4.876,False
2020-03-06,107.500,4.876,False
2020-03-09,107.670,4.884,False
2020-03-10,107.500,4.876,False
2020-03-11,107.500,4.876,False
2020-03-12,106.000,4.808,False
2020-03-13,106.000,4.808,False
2020-03-16,107.000,4.853,False
2020-03-17,107.000,4.853,False
2020-03-18,107.000,4.853,False
2020-03-19,107.000,4.853,False
2020-03-20,107.000,4.853,False
2020-03-23,106.000,4.808,False
2020-03-24,106.500,4.831,False
2020-03-25,106.500,4.831,False
2020-03-26,106.500,4.831,False
2020-03-27,106.000,4.808,False
2020-03-30,106.000,4.808,False
2020-03-31,105.210,4.772,False
2020-04-01,90.000,4.082,False
2020-04-02,90.000,4.082,False
2020-04-03,90.000,4.082,False
2020-04-06,90.000,4.082,False
2020-04-07,90.000,4.082,False
2020-04-08,90.000,4.082,False
2020-04-09,85.000,3.856,False
2020-04-14,82.500,3.742,False
2020-04-15,82.500,3.742,False
2020-04-16,82.500,3.742,False
2020-04-17,82.500,3.742,False
2020-04-20,82.500,3.742,False
2020-04-21,82.500,3.742,False
2020-04-22,82.500,3.742,False
2020-04-23,82.500,3.742,False
2020-04-24,82.500,3.742,False
2020-04-27,82.500,3.742,False
2020-04-28,82.500,3.742,False
2020-04-29,83.000,3.765,False
2020-04-30,83.000,3.765,False
2020-05-01,81.250,3.685,False
2020-05-04,81.250,3.685,False
2020-05-05,81.250,3.685,False
2020-05-06,81.250,3.685,False
2020-05-07,81.250,3.685,False
2020-05-11,81.250,3.685,False
2020-05-12,80.000,3.629,False
2020-05-13,80.000,3.629,False
2020-05-14,80.000,3.629,False
2020-05-15,80.000,3.629,False
2020-05-18,80.000,3.629,False
2020-05-19,80.000,3.629,False
2020-05-20,80.000,3.629,False
2020-05-21,80.000,3.629,False
2020-05-22,80.000,3.629,False
2020-05-26,81.000,3.674,False
2020-05-27,81.000,3.674,False
2020-05-28,81.000,3.674,False
2020-05-29,81.190,3.683,False
2020-06-01,85.000,3.856,False
2020-06-02,85.000,3.856,False
2020-06-03,85.000,3.856,False
2020-06-04,85.000,3.856,False
2020-06-05,85.000,3.856,False
2020-06-08,85.000,3.856,False
2020-06-09,85.000,3.856,False
2020-06-10,85.000,3.856,False
2020-06-11,85.000,3.856,False
2020-06-12,85.000,3.856,False
2020-06-15,85.000,3.856,False
2020-06-16,85.000,3.856,False
2020-06-17,85.000,3.856,False
2020-06-18,85.000,3.856,False
2020-06-19,85.000,3.856,False
2020-06-22,85.000,3.856,False
2020-06-23,85.000,3.856,False
2020-06-24,85.000,3.856,False
2020-06-25,85.000,3.856,False
2020-06-26,85.000,3.856,False
2020-06-29,85.000,3.856,False
2020-06-30,85.000,3.856,False
2020-07-01,88.000,3.992,False
2020-07-02,85.500,3.878,False
2020-07-03,85.500,3.878,False
2020-07-06,85.500,3.878,False
2020-07-07,85.000,3.856,False
2020-07-08,85.000,3.856,False
2020-07-09,85.000,3.856,False
2020-07-10,85.000,3.856,False
2020-07-13,85.000,3.856,False
2020-07-14,85.000,3.856,False
2020-07-15,85.000,3.856,False
2020-07-16,85.000,3.856,False
2020-07-17,85.000,3.856,False
2020-07-20,85.000,3.856,False
2020-07-21,85.000,3.856,False
2020-07-22,85.000,3.856,False
2020-07-23,85.000,3.856,False
2020-07-24,85.000,3.856,False
2020-07-27,85.000,3.856,False
2020-07-28,85.000,3.856,False
2020-07-29,85.500,3.878,False
2020-07-30,85.500,3.878,False
2020-07-31,86.090,3.905,False
2020-08-03,90.000,4.082,False
2020-08-04,90.000,4.082,False
2020-08-05,90.000,4.082,False
2020-08-06,90.000,4.082,False
2020-08-07,92.500,4.196,False
2020-08-10,92.500,4.196,False
2020-08-11,92.500,4.196,False
2020-08-12,92.500,4.196,False
2020-08-13,92.500,4.196,False
2020-08-14,92.500,4.196,False
2020-08-17,92.500,4.196,False
2020-08-18,92.500,4.196,False
2020-08-19,92.500,4.196,False
2020-08-20,92.500,4.196,False
2020-08-21,93.000,4.218,False
2020-08-24,94.000,4.264,False
2020-08-25,94.000,4.264,False
2020-08-26,94.500,4.286,False
2020-08-27,94.500,4.286,False
2020-08-28,95.000,4.309,False
2020-09-01,95.000,4.309,False
2020-09-02,100.000,4.536,False
2020-09-03,102.000,4.627,False
2020-09-04,102.000,4.627,False
2020-09-07,103.000,4.672,False
2020-09-08,104.000,4.717,False
2020-09-09,105.000,4.763,False
2020-09-10,106.000,4.808,False
2020-09-11,107.000,4.853,False
2020-09-14,107.000,4.853,False
2020-09-15,107.000,4.853,False
2020-09-16,108.000,4.899,False
2020-09-17,110.000,4.990,False
2020-09-18,111.000,5.035,False
2020-09-21,113.000,5.126,False
2020-09-22,112.000,5.080,False
2020-09-23,112.000,5.080,False
2020-09-24,112.000,5.080,False
2020-09-25,112.000,5.080,False
2020-09-28,112.000,5.080,False
2020-09-29,112.000,5.080,False
2020-09-30,111.980,5.079,False
2020-10-01,116.000,5.262,False
2020-10-02,116.000,5.262,False
2020-10-05,116.000,5.262,False
2020-10-06,116.000,5.262,False
2020-10-07,116.000,5.262,False
2020-10-08,116.000,5.262,False
2020-10-09,111.000,5.035,False
2020-10-12,111.000,5.035,False
2020-10-13,110.000,4.990,False
2020-10-14,109.000,4.944,False
2020-10-15,109.000,4.944,False
2020-10-16,109.000,4.944,False
2020-10-19,108.000,4.899,False
2020-10-20,108.000,4.899,False
2020-10-21,108.000,4.899,False
2020-10-22,108.000,4.899,False
2020-10-23,108.000,4.899,False
2020-10-26,108.000,4.899,False
2020-10-27,108.000,4.899,False
2020-10-28,108.000,4.899,False
2020-10-29,108.000,4.899,False
2020-10-30,107.620,4.882,False
2020-11-02,102.000,4.627,False
2020-11-03,102.000,4.627,False
2020-11-04,101.500,4.604,False
2020-11-05,99.000,4.491,False
2020-11-06,99.000,4.491,False
2020-11-09,98.000,4.445,False
2020-11-10,98.000,4.445,False
2020-11-11,98.000,4.445,False
2020-11-12,98.000,4.445,False
2020-11-13,98.000,4.445,False
2020-11-16,98.000,4.445,False
2020-11-17,98.000,4.445,False
2020-11-18,98.000,4.445,False
2020-11-19,98.000,4.445,False
2020-11-20,98.000,4.445,False
2020-11-23,98.000,4.445,False
2020-11-24,98.000,4.445,False
2020-11-25,98.000,4.445,False
2020-11-26,98.000,4.445,False
2020-11-27,98.000,4.445,False
2020-11-30,98.100,4.450,False
2020-12-01,102.750,4.661,False
2020-12-02,102.750,4.661,False
2020-12-03,102.750,4.661,False
2020-12-04,102.750,4.661,False
2020-12-07,102.750,4.661,False
2020-12-08,102.750,4.661,False
2020-12-09,102.750,4.661,False
2020-12-10,102.750,4.661,False
2020-12-11,104.000,4.717,False
2020-12-14,106.000,4.808,False
2020-12-15,106.000,4.808,False
2020-12-16,106.000,4.808,False
2020-12-17,106.000,4.808,False
2020-12-18,106.000,4.808,False
2020-12-21,106.000,4.808,False
2020-12-22,106.000,4.808,False
2020-12-23,106.000,4.808,False
2020-12-24,106.000,4.808,False
2020-12-29,107.000,4.853,False
2020-12-30,107.000,4.853,False
2020-12-31,107.150,4.860,False
2021-01-04,112.000,5.080,False
2021-01-05,112.000,5.080,False
2021-01-06,112.500,5.103,False
2021-01-07,112.500,5.103,False
2021-01-08,112.500,5.103,False
2021-01-11,112.500,5.103,False
2021-01-12,112.500,5.103,False
2021-01-13,112.500,5.103,False
2021-01-14,112.500,5.103,False
2021-01-15,112.500,5.103,False
2021-01-18,112.500,5.103,False
2021-01-19,112.500,5.103,False
2021-01-20,112.500,5.103,False
2021-01-21,113.500,5.148,False
2021-01-22,113.500,5.148,False
2021-01-25,114.500,5.194,False
2021-01-26,114.500,5.194,False
2021-01-27,114.500,5.194,False
2021-01-28,114.500,5.194,False
2021-01-29,114.530,5.195,False
2021-02-01,116.000,5.262,False
2021-02-02,117.000,5.307,False
2021-02-03,117.000,5.307,False
2021-02-04,117.000,5.307,False
2021-02-05,117.000,5.307,False
2021-02-08,117.000,5.307,False
2021-02-09,117.000,5.307,False
2021-02-10,117.000,5.307,False
2021-02-11,117.000,5.307,False
2021-02-12,118.500,5.375,False
2021-02-15,118.500,5.375,False
2021-02-16,118.500,5.375,False
2021-02-17,118.500,5.375,False
2021-02-18,118.500,5.375,False
2021-02-19,119.500,5.420,False
2021-02-22,119.500,5.420,False
2021-02-23,119.500,5.420,False
2021-02-24,120.000,5.443,False
2021-02-25,120.000,5.443,False
2021-02-26,120.730,5.476,False
2021-03-01,132.500,6.010,False
2021-03-02,132.000,5.987,False
2021-03-03,133.000,6.033,False
2021-03-04,133.000,6.033,False
2021-03-05,134.000,6.078,False
2021-03-08,135.000,6.123,False
2021-03-09,140.500,6.373,False
2021-03-10,140.500,6.373,False
2021-03-11,142.000,6.441,False
2021-03-12,142.000,6.441,False
2021-03-15,142.000,6.441,False
2021-03-16,142.000,6.441,False
2021-03-17,145.000,6.577,False
2021-03-18,145.000,6.577,False
2021-03-19,149.000,6.759,False
2021-03-22,149.000,6.759,False
2021-03-23,151.000,6.849,False
2021-03-24,151.000,6.849,False
2021-03-25,151.000,6.849,False
2021-03-26,153.000,6.940,False
2021-03-29,153.000,6.940,False
2021-03-30,153.500,6.963,False
2021-03-31,153.870,6.979,False
2021-04-01,170.000,7.711,False
2021-04-06,175.000,7.938,False
2021-04-07,180.000,8.165,False
2021-04-08,185.000,8.391,False
2021-04-09,185.000,8.391,False
2021-04-12,188.000,8.528,False
2021-04-13,188.000,8.528,False
2021-04-14,189.000,8.573,False
2021-04-15,189.000,8.573,False
2021-04-16,189.000,8.573,False
2021-04-19,190.000,8.618,False
2021-04-20,190.000,8.618,False
2021-04-21,190.000,8.618,False
2021-04-22,191.000,8.664,False
2021-04-23,191.000,8.664,False
2021-04-26,191.000,8.664,False
2021-04-27,191.000,8.664,False
2021-04-28,191.000,8.664,False
2021-04-29,191.000,8.664,False
2021-04-30,191.630,8.692,False
2021-05-04,178.000,8.074,False
2021-05-05,185.000,8.391,False
2021-05-06,190.000,8.618,False
2021-05-07,195.000,8.845,False
2021-05-10,195.000,8.845,False
2021-05-11,195.000,8.845,False
2021-05-12,195.000,8.845,False
2021-05-13,195.000,8.845,False
2021-05-14,195.000,8.845,False
2021-05-17,195.000,8.845,False
2021-05-18,195.000,8.845,False
2021-05-19,195.000,8.845,False
2021-05-20,195.000,8.845,False
2021-05-21,195.000,8.845,False
2021-05-24,195.000,8.845,False
2021-05-25,195.000,8.845,False
2021-05-26,195.000,8.845,False
2021-05-27,195.000,8.845,False
2021-05-28,195.390,8.863,False
2021-06-01,178.000,8.074,False
2021-06-02,186.000,8.437,False
2021-06-03,195.000,8.845,False
2021-06-04,202.000,9.163,False
2021-06-07,202.000,9.163,False
2021-06-08,202.000,9.163,False
2021-06-09,202.000,9.163,False
2021-06-10,202.000,9.163,False
2021-06-11,203.000,9.208,False
2021-06-14,203.000,9.208,False
2021-06-15,203.000,9.208,False
2021-06-16,205.000,9.299,False
2021-06-17,205.000,9.299,False
2021-06-18,205.000,9.299,False
2021-06-21,205.000,9.299,False
2021-06-22,205.000,9.299,False
2021-06-23,205.000,9.299,False
2021-06-24,207.000,9.389,False
2021-06-25,207.000,9.389,False
2021-06-28,208.000,9.435,False
2021-06-29,208.500,9.457,False
2021-06-30,208.730,9.468,False
2021-07-01,181.250,8.221,True
2021-07-02,196.250,8.902,False
2021-07-05,211.250,9.582,False
2021-07-06,226.250,10.263,False
2021-07-07,241.250,10.943,False
2021-07-08,257.860,11.696,False
2021-07-09,259.640,11.777,False
2021-07-12,261.310,11.853,False
2021-07-13,261.310,11.853,False
2021-07-14,265.600,12.047,False
2021-07-15,265.600,12.047,False
2021-07-16,266.790,12.101,False
2021-07-19,266.790,12.101,False
2021-07-20,266.790,12.101,False
2021-07-21,266.790,12.101,False
2021-07-22,267.500,12.134,False
2021-07-23,268.100,12.161,False
2021-07-26,268.100,12.161,False
2021-07-27,268.100,12.161,False
2021-07-28,268.100,12.161,False
2021-07-29,269.550,12.227,False
2021-07-30,270.230,12.257,False
2021-08-02,295.000,13.381,False
2021-08-03,295.000,13.381,False
2021-08-04,297.260,13.483,False
2021-08-05,297.260,13.483,False
2021-08-06,297.260,13.483,False
2021-08-09,297.260,13.483,False
2021-08-10,297.260,13.483,False
2021-08-11,297.260,13.483,False
2021-08-12,297.260,13.483,False
2021-08-13,297.260,13.483,False
2021-08-16,297.260,13.483,False
2021-08-17,297.260,13.483,False
2021-08-18,297.260,13.483,False
2021-08-19,297.260,13.483,False
2021-08-20,297.260,13.483,False
2021-08-23,297.260,13.483,False
2021-08-24,297.260,13.483,False
2021-08-25,297.740,13.505,False
2021-08-26,297.740,13.505,False
2021-08-27,297.740,13.505,False
2021-08-31,297.980,13.516,False
2021-09-01,305.000,13.835,False
2021-09-02,305.000,13.835,False
2021-09-03,305.000,13.835,False
2021-09-06,305.000,13.835,False
2021-09-07,309.090,14.020,False
2021-09-08,305.000,13.835,False
2021-09-09,305.000,13.835,False
2021-09-10,305.000,13.835,False
2021-09-13,305.000,13.835,False
2021-09-14,305.000,13.835,False
2021-09-15,305.000,13.835,False
2021-09-16,305.000,13.835,False
2021-09-17,305.000,13.835,False
2021-09-20,305.000,13.835,False
2021-09-21,305.000,13.835,False
2021-09-22,305.000,13.835,False
2021-09-23,305.000,13.835,False
2021-09-24,305.000,13.835,False
2021-09-27,305.000,13.835,False
2021-09-28,305.000,13.835,False
2021-09-29,305.000,13.835,False
2021-09-30,304.890,13.830,False
2021-10-01,302.500,13.721,False
2021-10-04,302.500,13.721,False
2021-10-05,300.240,13.619,False
2021-10-06,300.240,13.619,False
2021-10-07,300.240,13.619,False
2021-10-08,300.240,13.619,False
2021-10-11,300.240,13.619,False
2021-10-12,300.240,13.619,False
2021-10-13,300.240,13.619,False
2021-10-14,300.240,13.619,False
2021-10-15,300.240,13.619,False
2021-10-18,300.240,13.619,False
2021-10-19,298.100,13.522,False
2021-10-20,297.140,13.478,False
2021-10-21,286.310,12.987,False
2021-10-22,284.880,12.922,False
2021-10-25,284.880,12.922,False
2021-10-26,284.880,12.922,False
2021-10-27,283.450,12.857,False
2021-10-28,283.450,12.857,False
2021-10-29,283.460,12.858,False
2021-11-01,245.000,11.113,False
2021-11-02,242.610,11.005,False
2021-11-03,242.610,11.005,False
2021-11-04,242.610,11.005,False
2021-11-05,242.610,11.005,False
2021-11-08,242.610,11.005,False
2021-11-09,242.610,11.005,False
2021-11-10,242.610,11.005,False
2021-11-11,242.610,11.005,False
2021-11-12,242.610,11.005,False
2021-11-15,242.610,11.005,False
2021-11-16,242.610,11.005,False
2021-11-17,242.610,11.005,False
2021-11-18,242.610,11.005,False
2021-11-19,240.800,10.923,False
2021-11-22,240.800,10.923,False
2021-11-23,240.800,10.923,False
2021-11-24,240.800,10.923,False
2021-11-25,240.800,10.923,False
2021-11-26,240.800,10.923,False
2021-11-29,240.800,10.923,False
2021-11-30,240.800,10.923,False
2021-12-01,237.500,10.773,False
2021-12-02,237.500,10.773,False
2021-12-03,237.500,10.773,False
2021-12-06,237.500,10.773,False
2021-12-07,237.500,10.773,False
2021-12-08,241.310,10.946,False
2021-12-09,241.310,10.946,False
2021-12-10,244.640,11.097,False
2021-12-13,244.640,11.097,False
2021-12-14,247.500,11.226,False
2021-12-15,248.810,11.286,False
2021-12-16,248.810,11.286,False
2021-12-17,250.950,11.383,False
2021-12-20,250.950,11.383,False
2021-12-21,252.620,11.459,False
2021-12-22,254.050,11.524,False
2021-12-23,254.050,11.524,False
2021-12-24,257.860,11.696,False
2021-12-29,257.860,11.696,False
2021-12-30,257.860,11.696,False
2021-12-31,258.340,11.718,False
2022-01-04,300.000,13.608,False
2022-01-05,310.000,14.061,False
2022-01-06,310.000,14.061,False
2022-01-07,310.000,14.061,False
2022-01-10,310.000,14.061,False
2022-01-11,325.000,14.742,False
2022-01-12,325.000,14.742,False
2022-01-13,333.130,15.111,False
2022-01-14,340.630,15.451,False
2022-01-17,340.630,15.451,False
2022-01-18,343.130,15.564,False
2022-01-19,343.130,15.564,False
2022-01-20,343.130,15.564,False
2022-01-21,344.880,15.643,False
2022-01-24,344.880,15.643,False
2022-01-25,344.880,15.643,False
2022-01-26,344.880,15.643,False
2022-01-27,344.880,15.643,False
2022-01-28,344.880,15.643,False
2022-01-31,344.880,15.643,False
2022-02-01,365.000,16.556,False
2022-02-02,365.000,16.556,False
2022-02-03,369.500,16.760,False
2022-02-04,369.500,16.760,False
2022-02-07,369.500,16.760,False
2022-02-08,369.500,16.760,False
2022-02-09,369.500,16.760,False
2022-02-10,369.500,16.760,False
2022-02-11,369.500,16.760,False
2022-02-14,369.500,16.760,False
2022-02-15,369.500,16.760,False
2022-02-16,369.500,16.760,False
2022-02-17,373.500,16.942,False
2022-02-18,373.500,16.942,False
2022-02-21,373.500,16.942,False
2022-02-22,373.500,16.942,False
2022-02-23,373.500,16.942,False
2022-02-24,374.250,16.976,False
2022-02-25,374.250,16.976,False
2022-02-28,374.750,16.998,False
2022-03-01,395.000,17.917,False
2022-03-02,395.000,17.917,False
2022-03-03,395.000,17.917,False
2022-03-04,398.750,18.087,False
2022-03-07,401.000,18.189,False
2022-03-08,402.500,18.257,False
2022-03-09,408.040,18.508,False
2022-03-10,411.520,18.666,False
2022-03-11,414.780,18.814,False
2022-03-14,414.780,18.814,False
2022-03-15,417.610,18.942,False
2022-03-16,417.610,18.942,False
2022-03-17,417.610,18.942,False
2022-03-18,417.610,18.942,False
2022-03-21,417.610,18.942,False
2022-03-22,420.220,19.061,False
2022-03-23,420.220,19.061,False
2022-03-24,420.220,19.061,False
2022-03-25,422.930,19.184,False
2022-03-28,422.930,19.184,False
2022-03-29,423.590,19.214,False
2022-03-30,423.590,19.214,False
2022-03-31,423.590,19.214,False
2022-04-01,448.000,20.321,False
2022-04-04,455.000,20.638,False
2022-04-05,459.470,20.841,False
2022-04-06,459.470,20.841,False
2022-04-07,467.370,21.200,False
2022-04-08,467.370,21.200,False
2022-04-11,467.370,21.200,False
2022-04-12,473.680,21.486,False
2022-04-13,473.680,21.486,False
2022-04-14,476.320,21.606,False
2022-04-19,476.320,21.606,False
2022-04-20,476.320,21.606,False
2022-04-21,476.320,21.606,False
2022-04-22,477.890,21.677,False
2022-04-25,477.890,21.677,False
2022-04-26,477.890,21.677,False
2022-04-27,477.890,21.677,False
2022-04-28,478.420,21.701,False
2022-04-29,478.950,21.725,False
2022-05-03,505.000,22.906,False
2022-05-04,505.000,22.906,False
2022-05-05,505.000,22.906,False
2022-05-06,505.000,22.906,False
2022-05-09,505.000,22.906,False
2022-05-10,505.000,22.906,False
2022-05-11,505.000,22.906,False
2022-05-12,505.000,22.906,False
2022-05-13,505.000,22.906,False
2022-05-16,505.000,22.906,False
2022-05-17,505.000,22.906,False
2022-05-18,505.000,22.906,False
2022-05-19,505.000,22.906,False
2022-05-20,505.000,22.906,False
2022-05-23,505.000,22.906,False
2022-05-24,505.000,22.906,False
2022-05-25,505.000,22.906,False
2022-05-26,505.000,22.906,False
2022-05-27,505.000,22.906,False
2022-05-30,505.000,22.906,False
2022-05-31,505.000,22.906,False
2022-06-01,505.000,22.906,False
2022-06-06,505.000,22.906,False
2022-06-07,505.000,22.906,False
2022-06-08,505.000,22.906,False
2022-06-09,505.000,22.906,False
2022-06-10,505.000,22.906,False
2022-06-13,501.500,22.748,False
2022-06-14,501.500,22.748,False
2022-06-15,501.500,22.748,False
2022-06-16,501.500,22.748,False
2022-06-17,501.500,22.748,False
2022-06-20,501.500,22.748,False
2022-06-21,501.500,22.748,False
2022-06-22,501.500,22.748,False
2022-06-23,501.500,22.748,False
2022-06-24,501.500,22.748,False
2022-06-27,501.500,22.748,False
2022-06-28,501.500,22.748,False
2022-06-29,501.250,22.736,False
2022-06-30,501.250,22.736,False
2022-07-01,492.500,22.339,False
2022-07-04,492.500,22.339,False
2022-07-05,492.500,22.339,False
2022-07-06,492.500,22.339,False
2022-07-07,492.500,22.339,False
2022-07-08,484.880,21.994,False
2022-07-11,484.880,21.994,False
2022-07-12,478.210,21.691,False
2022-07-13,478.210,21.691,False
2022-07-14,478.210,21.691,False
2022-07-15,478.210,21.691,False
2022-07-18,478.210,21.691,False
2022-07-19,478.210,21.691,False
2022-07-20,478.210,21.691,False
2022-07-21,476.550,21.616,False
2022-07-22,476.550,21.616,False
2022-07-25,476.550,21.616,False
2022-07-26,476.550,21.616,False
2022-07-27,476.550,21.616,False
2022-07-28,476.550,21.616,False
2022-07-29,476.070,21.594,False
2022-08-01,457.500,20.752,False
2022-08-02,457.500,20.752,False
2022-08-03,448.410,20.340,False
2022-08-04,448.410,20.340,False
2022-08-05,448.410,20.340,False
2022-08-08,448.410,20.340,False
2022-08-09,448.410,20.340,False
2022-08-10,448.410,20.340,False
2022-08-11,448.410,20.340,False
2022-08-12,443.980,20.139,False
2022-08-15,443.980,20.139,False
2022-08-16,441.480,20.025,False
2022-08-17,441.480,20.025,False
2022-08-18,441.480,20.025,False
2022-08-19,437.840,19.860,False
2022-08-22,437.840,19.860,False
2022-08-23,437.840,19.860,False
2022-08-24,437.840,19.860,False
2022-08-25,434.200,19.695,False
2022-08-26,433.520,19.664,False
2022-08-30,433.520,19.664,False
2022-08-31,433.520,19.664,False
2022-09-01,380.000,17.237,False
2022-09-02,380.000,17.237,False
2022-09-05,380.000,17.237,False
2022-09-06,380.000,17.237,False
2022-09-07,380.000,17.237,False
2022-09-09,372.730,16.907,False
2022-09-12,372.730,16.907,False
2022-09-13,372.730,16.907,False
2022-09-14,372.730,16.907,False
2022-09-15,359.090,16.288,False
2022-09-16,354.090,16.061,False
2022-09-19,354.090,16.061,False
2022-09-20,354.090,16.061,False
2022-09-21,354.090,16.061,False
2022-09-22,350.910,15.917,False
2022-09-23,342.730,15.546,False
2022-09-26,342.730,15.546,False
2022-09-27,342.730,15.546,False
2022-09-28,342.730,15.546,False
2022-09-29,342.730,15.546,False
2022-09-30,340.800,15.458,False
2022-10-03,252.500,11.453,False
2022-10-04,252.500,11.453,False
2022-10-05,252.500,11.453,False
2022-10-06,252.500,11.453,False
2022-10-07,242.380,10.994,False
2022-10-10,242.380,10.994,False
2022-10-11,242.380,10.994,False
2022-10-12,242.380,10.994,False
2022-10-13,242.380,10.994,False
2022-10-14,242.380,10.994,False
2022-10-17,242.380,10.994,False
2022-10-18,242.380,10.994,False
2022-10-19,242.380,10.994,False
2022-10-20,238.570,10.821,False
2022-10-21,235.240,10.670,False
2022-10-24,235.240,10.670,False
2022-10-25,235.240,10.670,False
2022-10-26,235.240,10.670,False
2022-10-27,235.240,10.670,False
2022-10-28,234.290,10.627,False
2022-10-31,234.290,10.627,False
2022-11-01,210.000,9.525,False
2022-11-02,210.000,9.525,False
2022-11-03,210.000,9.525,False
2022-11-04,201.360,9.134,False
2022-11-07,201.360,9.134,False
2022-11-08,201.360,9.134,False
2022-11-09,201.360,9.134,False
2022-11-10,201.360,9.134,False
2022-11-11,201.360,9.134,False
2022-11-14,201.360,9.134,False
2022-11-15,201.360,9.134,False
2022-11-16,198.860,9.020,False
2022-11-17,198.860,9.020,False
2022-11-18,198.860,9.020,False
2022-11-21,198.860,9.020,False
2022-11-22,198.860,9.020,False
2022-11-23,198.860,9.020,False
2022-11-24,198.860,9.020,False
2022-11-25,198.860,9.020,False
2022-11-28,198.860,9.020,False
2022-11-29,198.860,9.020,False
2022-11-30,198.860,9.020,False
2022-12-01,195.000,8.845,False
2022-12-02,199.770,9.061,False
2022-12-05,199.770,9.061,False
2022-12-06,199.770,9.061,False
2022-12-07,199.770,9.061,False
2022-12-08,199.770,9.061,False
2022-12-09,199.770,9.061,False
2022-12-12,199.770,9.061,False
2022-12-13,199.770,9.061,False
2022-12-14,199.770,9.061,False
2022-12-15,199.770,9.061,False
2022-12-16,199.770,9.061,False
2022-12-19,199.770,9.061,False
2022-12-20,199.770,9.061,False
2022-12-21,201.590,9.144,False
2022-12-22,201.590,9.144,False
2022-12-23,201.590,9.144,False
2022-12-28,201.590,9.144,False
2022-12-29,201.590,9.144,False
2022-12-30,201.250,9.129,False
2023-01-03,205.000,9.299,False
2023-01-04,205.000,9.299,False
2023-01-05,205.000,9.299,False
2023-01-06,205.000,9.299,False
2023-01-09,205.000,9.299,False
2023-01-10,205.000,9.299,False
2023-01-11,208.570,9.461,False
2023-01-12,208.570,9.461,False
2023-01-13,208.570,9.461,False
2023-01-16,208.570,9.461,False
2023-01-17,209.880,9.520,False
2023-01-18,209.880,9.520,False
2023-01-19,210.950,9.569,False
2023-01-20,210.950,9.569,False
2023-01-23,210.950,9.569,False
2023-01-24,210.950,9.569,False
2023-01-25,210.950,9.569,False
2023-01-26,210.950,9.569,False
2023-01-27,210.950,9.569,False
2023-01-30,210.950,9.569,False
2023-01-31,210.950,9.569,False
2023-02-01,215.000,9.752,False
2023-02-02,215.000,9.752,False
2023-02-03,215.000,9.752,False
2023-02-06,215.000,9.752,False
2023-02-07,215.000,9.752,False
2023-02-08,215.000,9.752,False
2023-02-09,215.000,9.752,False
2023-02-10,216.630,9.826,False
2023-02-13,216.630,9.826,False
2023-02-14,216.630,9.826,False
2023-02-15,216.630,9.826,False
2023-02-16,216.630,9.826,False
2023-02-17,216.630,9.826,False
2023-02-20,216.630,9.826,False
2023-02-21,216.630,9.826,False
2023-02-22,216.630,9.826,False
2023-02-23,215.630,9.781,False
2023-02-24,215.630,9.781,False
2023-02-27,215.630,9.781,False
2023-02-28,215.630,9.781,False
2023-03-01,212.500,9.639,False
2023-03-02,212.500,9.639,False
2023-03-03,212.500,9.639,False
2023-03-06,219.020,9.935,False
2023-03-07,219.020,9.935,False
2023-03-08,222.930,10.112,False
2023-03-09,222.930,10.112,False
2023-03-10,226.410,10.270,False
2023-03-13,226.410,10.270,False
2023-03-14,226.410,10.270,False
2023-03-15,226.410,10.270,False
2023-03-16,227.720,10.329,False
2023-03-17,227.720,10.329,False
2023-03-20,227.720,10.329,False
2023-03-21,228.700,10.374,False
2023-03-22,228.700,10.374,False
2023-03-23,228.700,10.374,False
2023-03-24,229.350,10.403,False
2023-03-27,229.350,10.403,False
2023-03-28,229.350,10.403,False
2023-03-29,229.350,10.403,False
2023-03-30,229.350,10.403,False
2023-03-31,229.350,10.403,False
2023-04-03,237.500,10.773,False
2023-04-04,237.500,10.773,False
2023-04-05,239.880,10.881,False
2023-04-06,244.130,11.074,False
2023-04-11,244.030,11.069,False
2023-04-12,244.030,11.069,False
2023-04-13,244.030,11.069,False
2023-04-14,244.030,11.069,False
2023-04-17,244.030,11.069,False
2023-04-18,244.030,11.069,False
2023-04-19,244.030,11.069,False
2023-04-20,244.030,11.069,False
2023-04-21,244.030,11.069,False
2023-04-24,244.030,11.069,False
2023-04-25,244.030,11.069,False
2023-04-26,244.030,11.069,False
2023-04-27,244.030,11.069,False
2023-04-28,244.030,11.069,False
2023-05-02,245.000,11.113,False
2023-05-03,245.000,11.113,False
2023-05-04,245.000,11.113,False
2023-05-05,245.000,11.113,False
2023-05-09,245.000,11.113,False
2023-05-10,245.000,11.113,False
2023-05-11,245.000,11.113,False
2023-05-12,245.000,11.113,False
2023-05-15,245.000,11.113,False
2023-05-16,245.000,11.113,False
2023-05-17,245.000,11.113,False
2023-05-18,245.000,11.113,False
2023-05-19,245.000,11.113,False
2023-05-22,245.000,11.113,False
2023-05-23,245.000,11.113,False
2023-05-24,245.000,11.113,False
2023-05-25,245.000,11.113,False
2023-05-26,245.000,11.113,False
2023-05-30,245.000,11.113,False
2023-05-31,245.000,11.113,False
2023-06-01,245.000,11.113,False
2023-06-02,245.000,11.113,False
2023-06-05,245.000,11.113,False
2023-06-06,245.000,11.113,False
2023-06-07,240.910,10.927,False
2023-06-08,240.910,10.927,False
2023-06-09,240.910,10.927,False
2023-06-12,240.910,10.927,False
2023-06-13,240.910,10.927,False
2023-06-14,240.910,10.927,False
2023-06-15,240.910,10.927,False
2023-06-16,240.910,10.927,False
2023-06-19,240.910,10.927,False
2023-06-20,240.910,10.927,False
2023-06-21,240.910,10.927,False
2023-06-22,239.320,10.855,False
2023-06-23,239.320,10.855,False
2023-06-26,238.750,10.830,False
2023-06-27,238.750,10.830,False
2023-06-28,238.750,10.830,False
2023-06-29,238.810,10.832,False
2023-06-30,231.500,10.501,False
2023-07-03,230.000,10.433,False
2023-07-04,230.000,10.433,False
2023-07-05,230.000,10.433,False
2023-07-06,230.000,10.433,False
2023-07-07,230.000,10.433,False
2023-07-10,230.000,10.433,False
2023-07-11,230.000,10.433,False
2023-07-12,230.000,10.433,False
2023-07-13,230.000,10.433,False
2023-07-14,230.000,10.433,False
2023-07-17,230.000,10.433,False
2023-07-18,230.000,10.433,False
2023-07-19,230.000,10.433,False
2023-07-20,228.100,10.346,False
2023-07-21,228.100,10.346,False
2023-07-24,226.670,10.282,False
2023-07-25,226.670,10.282,False
2023-07-26,226.670,10.282,False
2023-07-27,226.670,10.282,False
2023-07-28,226.670,10.282,False
2023-07-31,220.000,9.979,False
2023-08-01,220.000,9.979,False
2023-08-02,220.000,9.979,False
2023-08-03,220.000,9.979,False
2023-08-04,220.000,9.979,False
2023-08-07,220.000,9.979,False
2023-08-08,216.090,9.802,False
2023-08-09,216.090,9.802,False
2023-08-10,216.090,9.802,False
2023-08-11,216.090,9.802,False
2023-08-14,216.090,9.802,False
2023-08-15,216.090,9.802,False
2023-08-16,216.090,9.802,False
2023-08-17,216.090,9.802,False
2023-08-18,216.090,9.802,False
2023-08-21,214.130,9.713,False
2023-08-22,214.130,9.713,False
2023-08-23,214.130,9.713,False
2023-08-24,214.130,9.713,False
2023-08-25,214.130,9.713,False
2023-08-29,214.320,9.721,False
2023-08-30,214.320,9.721,False
2023-08-31,210.000,9.525,False
2023-09-01,207.500,9.412,False
2023-09-04,207.500,9.412,False
2023-09-05,207.500,9.412,False
2023-09-06,207.500,9.412,False
2023-09-07,207.500,9.412,False
2023-09-08,207.500,9.412,False
2023-09-11,207.500,9.412,False
2023-09-12,203.930,9.250,False
2023-09-13,203.930,9.250,False
2023-09-14,196.190,8.899,False
2023-09-15,196.190,8.899,False
2023-09-18,196.190,8.899,False
2023-09-19,194.050,8.802,False
2023-09-20,194.050,8.802,False
2023-09-21,192.380,8.726,False
2023-09-22,192.380,8.726,False
2023-09-25,192.380,8.726,False
2023-09-26,192.380,8.726,False
2023-09-27,192.380,8.726,False
2023-09-28,191.430,8.683,False
2023-09-29,176.000,7.983,False
2023-10-02,170.000,7.711,False
2023-10-03,170.000,7.711,False
2023-10-04,170.000,7.711,False
2023-10-05,170.000,7.711,False
2023-10-06,170.000,7.711,False
2023-10-09,170.000,7.711,False
2023-10-10,166.360,7.546,False
2023-10-11,166.360,7.546,False
2023-10-12,166.360,7.546,False
2023-10-13,166.360,7.546,False
2023-10-16,166.360,7.546,False
2023-10-17,166.360,7.546,False
2023-10-18,166.360,7.546,False
2023-10-19,166.360,7.546,False
2023-10-20,166.360,7.546,False
2023-10-23,166.360,7.546,False
2023-10-24,166.360,7.546,False
2023-10-25,164.090,7.443,False
2023-10-26,164.090,7.443,False
2023-10-27,164.090,7.443,False
2023-10-30,164.090,7.443,False
2023-10-31,155.000,7.031,False
2023-11-01,155.000,7.031,False
2023-11-02,155.000,7.031,False
2023-11-03,141.360,6.412,False
2023-11-06,137.050,6.216,False
2023-11-07,137.050,6.216,False
2023-11-08,137.050,6.216,False
2023-11-09,137.050,6.216,False
2023-11-10,137.050,6.216,False
2023-11-13,137.050,6.216,False
2023-11-14,131.140,5.948,False
2023-11-15,131.140,5.948,False
2023-11-16,131.140,5.948,False
2023-11-17,131.140,5.948,False
2023-11-20,131.140,5.948,False
2023-11-21,131.140,5.948,False
2023-11-22,131.140,5.948,False
2023-11-23,131.140,5.948,False
2023-11-24,131.140,5.948,False
2023-11-27,131.140,5.948,False
2023-11-28,131.140,5.948,False
2023-11-29,131.140,5.948,False
2023-11-30,125.000,5.670,False
2023-12-01,125.000,5.670,False
2023-12-04,125.000,5.670,False
2023-12-05,125.000,5.670,False
2023-12-06,125.000,5.670,False
2023-12-07,125.000,5.670,False
2023-12-08,125.000,5.670,False
2023-12-11,125.000,5.670,False
2023-12-12,125.000,5.670,False
2023-12-13,125.000,5.670,False
2023-12-14,125.000,5.670,False
2023-12-15,130.240,5.908,False
2023-12-18,130.240,5.908,False
2023-12-19,130.240,5.908,False
2023-12-20,131.190,5.951,False
2023-12-21,132.020,5.988,False
2023-12-22,132.020,5.988,False
2023-12-27,132.020,5.988,False
2023-12-28,132.260,5.999,False
2023-12-29,141.500,6.418,False
2024-01-02,145.000,6.577,False
2024-01-03,149.770,6.793,False
2024-01-04,149.770,6.793,False
2024-01-05,151.930,6.891,False
2024-01-08,151.930,6.891,False
2024-01-09,153.860,6.979,False
2024-01-10,153.860,6.979,False
2024-01-11,153.860,6.979,False
2024-01-12,155.450,7.051,False
2024-01-15,155.450,7.051,False
2024-01-16,162.270,7.360,False
2024-01-17,162.270,7.360,False
2024-01-18,162.270,7.360,False
2024-01-19,163.300,7.407,False
2024-01-22,163.300,7.407,False
2024-01-23,163.300,7.407,False
2024-01-24,163.300,7.407,False
2024-01-25,163.300,7.407,False
2024-01-26,163.300,7.407,False
2024-01-29,163.640,7.423,False
2024-01-30,163.640,7.423,False
2024-01-31,174.000,7.893,False
2024-02-01,175.000,7.938,False
2024-02-02,175.000,7.938,False
2024-02-05,175.000,7.938,False
2024-02-06,175.000,7.938,False
2024-02-07,175.000,7.938,False
2024-02-08,175.000,7.938,False
2024-02-09,175.000,7.938,False
2024-02-12,175.000,7.938,False
2024-02-13,175.000,7.938,False
2024-02-14,175.000,7.938,False
2024-02-15,175.000,7.938,False
2024-02-16,176.190,7.992,False
2024-02-19,176.190,7.992,False
2024-02-20,176.190,7.992,False
2024-02-21,176.190,7.992,False
2024-02-22,176.190,7.992,False
2024-02-23,176.190,7.992,False
2024-02-26,177.140,8.035,False
2024-02-27,177.500,8.051,False
2024-02-28,177.500,8.051,False
2024-02-29,183.000,8.301,False
2024-03-01,185.000,8.391,False
2024-03-04,185.000,8.391,False
2024-03-05,187.250,8.494,False
2024-03-06,187.250,8.494,False
2024-03-07,187.250,8.494,False
2024-03-08,187.250,8.494,False
2024-03-11,189.000,8.573,False
2024-03-12,189.000,8.573,False
2024-03-13,190.500,8.641,False
2024-03-14,191.880,8.704,False
2024-03-15,191.880,8.704,False
2024-03-18,193.000,8.754,False
2024-03-19,193.000,8.754,False
2024-03-20,193.000,8.754,False
2024-03-21,193.750,8.788,False
2024-03-22,193.750,8.788,False
2024-03-25,194.250,8.811,False
2024-03-26,194.250,8.811,False
2024-03-27,194.250,8.811,False
2024-03-28,202.500,9.185,False
2024-04-02,205.000,9.299,False
2024-04-03,207.380,9.407,False
2024-04-04,207.380,9.407,False
2024-04-05,209.520,9.504,False
2024-04-08,209.520,9.504,False
2024-04-09,213.330,9.676,False
2024-04-10,213.330,9.676,False
2024-04-11,213.330,9.676,False
2024-04-12,213.330,9.676,False
2024-04-15,216.190,9.806,False
2024-04-16,216.190,9.806,False
2024-04-17,216.190,9.806,False
2024-04-18,216.190,9.806,False
2024-04-19,216.190,9.806,False
2024-04-22,216.190,9.806,False
2024-04-23,216.190,9.806,False
2024-04-24,216.190,9.806,False
2024-04-25,216.190,9.806,False
2024-04-26,216.190,9.806,False
2024-04-29,216.900,9.838,False
2024-04-30,223.000,10.115,False
2024-05-01,227.500,10.319,False
2024-05-02,229.890,10.428,False
2024-05-03,229.890,10.428,False
2024-05-07,234.200,10.623,False
2024-05-08,238.300,10.809,False
2024-05-09,238.300,10.809,False
2024-05-10,238.300,10.809,False
2024-05-13,238.300,10.809,False
2024-05-14,241.480,10.953,False
2024-05-15,241.480,10.953,False
2024-05-16,244.200,11.077,False
2024-05-17,244.200,11.077,False
2024-05-20,245.340,11.128,False
2024-05-21,245.340,11.128,False
2024-05-22,245.340,11.128,False
2024-05-23,246.140,11.165,False
2024-05-24,246.140,11.165,False
2024-05-28,245.710,11.145,False
2024-05-29,246.070,11.162,False
2024-05-30,246.070,11.162,False
2024-05-31,256.500,11.635,False
2024-06-03,260.000,11.793,False
2024-06-04,260.000,11.793,False
2024-06-05,260.000,11.793,False
2024-06-06,260.000,11.793,False
2024-06-07,260.000,11.793,False
2024-06-10,260.000,11.793,False
2024-06-11,260.000,11.793,False
2024-06-12,260.000,11.793,False
2024-06-13,260.000,11.793,False
2024-06-14,260.000,11.793,False
2024-06-17,260.000,11.793,False
2024-06-18,262.250,11.895,False
2024-06-19,262.250,11.895,False
2024-06-20,262.250,11.895,False
2024-06-21,262.250,11.895,False
2024-06-24,262.250,11.895,False
2024-06-25,263.250,11.941,False
2024-06-26,263.250,11.941,False
2024-06-27,263.250,11.941,False
2024-06-28,269.000,12.202,False
2024-07-01,270.000,12.247,False
2024-07-02,270.000,12.247,False
2024-07-03,270.000,12.247,False
2024-07-04,270.000,12.247,False
2024-07-05,270.000,12.247,False
2024-07-08,270.000,12.247,False
2024-07-09,270.000,12.247,False
2024-07-10,270.000,12.247,False
2024-07-11,270.000,12.247,False
2024-07-12,270.000,12.247,False
2024-07-15,270.000,12.247,False
2024-07-16,270.000,12.247,False
2024-07-17,270.000,12.247,False
2024-07-18,270.000,12.247,False
2024-07-19,270.000,12.247,False
2024-07-22,270.000,12.247,False
2024-07-23,270.000,12.247,False
2024-07-24,270.000,12.247,False
2024-07-25,270.000,12.247,False
2024-07-26,270.000,12.247,False
2024-07-29,270.000,12.247,False
2024-07-30,270.000,12.247,False
2024-07-31,249.500,11.317,True
2024-08-01,277.500,12.587,False
2024-08-02,277.500,12.587,False
2024-08-05,279.890,12.696,False
2024-08-06,279.890,12.696,False
2024-08-07,279.890,12.696,False
2024-08-08,279.890,12.696,False
2024-08-09,279.890,12.696,False
2024-08-12,279.890,12.696,False
2024-08-13,278.300,12.623,False
2024-08-14,278.300,12.623,False
2024-08-15,278.300,12.623,False
2024-08-16,278.300,12.623,False
2024-08-19,278.300,12.623,False
2024-08-20,278.300,12.623,False
2024-08-21,278.300,12.623,False
2024-08-22,279.090,12.659,False
2024-08-23,279.090,12.659,False
2024-08-27,279.050,12.657,False
2024-08-28,279.050,12.657,False
2024-08-29,279.050,12.657,False
2024-08-30,260.000,11.793,True
2024-09-02,282.500,12.814,False
2024-09-03,282.500,12.814,False
2024-09-04,282.500,12.814,False
2024-09-05,282.500,12.814,False
2024-09-06,282.500,12.814,False
2024-09-09,282.500,12.814,False
2024-09-10,282.500,12.814,False
2024-09-11,282.500,12.814,False
2024-09-12,284.050,12.884,False
2024-09-13,284.050,12.884,False
2024-09-16,284.050,12.884,False
2024-09-17,286.430,12.992,False
2024-09-18,286.430,12.992,False
2024-09-19,286.430,12.992,False
2024-09-20,286.430,12.992,False
2024-09-23,286.430,12.992,False
2024-09-24,286.430,12.992,False
2024-09-25,286.430,12.992,False
2024-09-26,286.430,12.992,False
2024-09-27,286.430,12.992,False
2024-09-30,260.000,11.793,False
2024-10-01,273.000,12.383,False
2024-10-02,290.000,13.154,False
2024-10-03,290.000,13.154,False
2024-10-04,290.000,13.154,False
2024-10-07,290.000,13.154,False
2024-10-08,290.000,13.154,False
2024-10-09,290.000,13.154,False
2024-10-10,290.000,13.154,False
2024-10-11,290.000,13.154,False
2024-10-14,290.000,13.154,False
2024-10-15,290.000,13.154,False
2024-10-16,290.000,13.154,False
2024-10-17,290.000,13.154,False
2024-10-18,290.000,13.154,False
2024-10-21,290.000,13.154,False
2024-10-22,290.000,13.154,False
2024-10-23,290.000,13.154,False
2024-10-24,290.000,13.154,False
2024-10-25,290.000,13.154,False
2024-10-28,290.000,13.154,False
2024-10-29,290.000,13.154,False
2024-10-30,290.000,13.154,False
2024-10-31,260.000,11.793,True
2024-11-01,290.000,13.154,False
2024-11-04,290.000,13.154,False
2024-11-05,290.000,13.154,False
2024-11-06,290.000,13.154,False
2024-11-07,290.000,13.154,False
2024-11-08,290.000,13.154,False
2024-11-11,290.000,13.154,False
2024-11-12,290.000,13.154,False
2024-11-13,290.000,13.154,False
2024-11-14,290.000,13.154,False
2024-11-15,292.620,13.273,False
2024-11-18,292.620,13.273,False
2024-11-19,292.620,13.273,False
2024-11-20,292.620,13.273,False
2024-11-21,292.620,13.273,False
2024-11-22,293.330,13.305,False
2024-11-25,293.330,13.305,False
2024-11-26,293.330,13.305,False
2024-11-27,293.330,13.305,False
2024-11-28,293.570,13.316,False
2024-11-29,260.000,11.793,True
2024-12-02,280.000,12.701,False
2024-12-03,300.000,13.608,False
2024-12-04,300.000,13.608,False
2024-12-05,300.000,13.608,False
2024-12-06,300.000,13.608,False
2024-12-09,300.000,13.608,False
2024-12-10,300.000,13.608,False
2024-12-11,301.700,13.685,False
2024-12-12,301.700,13.685,False
2024-12-13,304.660,13.819,False
2024-12-16,304.660,13.819,False
2024-12-17,304.660,13.819,False
2024-12-18,304.660,13.819,False
2024-12-19,304.660,13.819,False
2024-12-20,304.660,13.819,False
2024-12-23,304.660,13.819,False
2024-12-24,304.660,13.819,False
2024-12-27,304.380,13.806,False
2024-12-30,304.380,13.806,False
2024-12-31,307.500,13.948,False
2025-01-02,307.500,13.948,False
2025-01-03,307.500,13.948,False
2025-01-06,307.500,13.948,False
2025-01-07,307.500,13.948,False
2025-01-08,307.500,13.948,False
2025-01-09,307.500,13.948,False
2025-01-10,307.500,13.948,False
2025-01-13,307.500,13.948,False
2025-01-14,307.500,13.948,False
2025-01-15,307.500,13.948,False
2025-01-16,306.140,13.886,False
2025-01-17,306.140,13.886,False
2025-01-20,306.140,13.886,False
2025-01-21,306.140,13.886,False
2025-01-22,306.140,13.886,False
2025-01-23,306.140,13.886,False
2025-01-24,306.140,13.886,False
2025-01-27,305.000,13.835,False
2025-01-28,305.000,13.835,False
2025-01-29,305.000,13.835,False
2025-01-30,305.000,13.835,False
2025-01-31,300.000,13.608,False
2025-02-03,297.500,13.494,False
2025-02-04,297.500,13.494,False
2025-02-05,295.250,13.392,False
2025-02-06,282.500,12.814,False
2025-02-07,282.500,12.814,False
2025-02-10,282.500,12.814,False
2025-02-11,279.000,12.655,False
2025-02-12,274.130,12.434,False
2025-02-13,268.130,12.162,False
2025-02-14,268.130,12.162,False
2025-02-17,266.880,12.105,False
2025-02-18,265.750,12.054,False
2025-02-19,265.750,12.054,False
2025-02-20,264.880,12.015,False
2025-02-21,263.380,11.947,False
2025-02-24,263.380,11.947,False
2025-02-25,262.380,11.901,False
2025-02-26,262.380,11.901,False
2025-02-27,261.880,11.879,False
2025-02-28,239.000,10.841,False
2025-03-03,235.000,10.659,False
2025-03-04,235.000,10.659,False
2025-03-05,235.000,10.659,False
2025-03-06,235.000,10.659,False
2025-03-07,228.930,10.384,False
2025-03-10,227.020,10.297,False
2025-03-11,227.020,10.297,False
2025-03-12,225.360,10.222,False
2025-03-13,225.360,10.222,False
2025-03-14,223.930,10.157,False
2025-03-17,223.930,10.157,False
2025-03-18,220.360,9.995,False
2025-03-19,220.360,9.995,False
2025-03-20,220.360,9.995,False
2025-03-21,217.860,9.882,False
2025-03-24,213.570,9.687,False
2025-03-25,212.980,9.661,False
2025-03-26,212.980,9.661,False
2025-03-27,212.980,9.661,False
2025-03-28,212.980,9.661,False
2025-03-31,191.500,8.686,False
2025-04-01,187.500,8.505,False
2025-04-02,187.500,8.505,False
2025-04-03,187.500,8.505,False
2025-04-04,187.500,8.505,False
2025-04-07,187.500,8.505,False
2025-04-08,185.570,8.417,False
2025-04-09,185.570,8.417,False
2025-04-10,185.570,8.417,False
2025-04-11,185.570,8.417,False
2025-04-14,185.570,8.417,False
2025-04-15,185.570,8.417,False
2025-04-16,185.570,8.417,False
2025-04-17,185.570,8.417,False
2025-04-22,185.630,8.420,False
2025-04-23,184.880,8.386,False
2025-04-24,184.880,8.386,False
2025-04-25,184.880,8.386,False
2025-04-28,184.880,8.386,False
2025-04-29,184.880,8.386,False
2025-04-30,182.500,8.278,False
2025-05-01,180.000,8.165,False
2025-05-02,180.000,8.165,False
2025-05-06,180.000,8.165,False
2025-05-07,180.000,8.165,False
2025-05-08,180.000,8.165,False
2025-05-09,180.000,8.165,False
2025-05-12,180.000,8.165,False
2025-05-13,176.670,8.014,False
2025-05-14,176.670,8.014,False
2025-05-15,170.950,7.754,False
2025-05-16,170.950,7.754,False
2025-05-19,170.950,7.754,False
2025-05-20,170.950,7.754,False
2025-05-21,170.950,7.754,False
2025-05-22,170.950,7.754,False
2025-05-23,170.950,7.754,False
2025-05-27,171.250,7.768,False
2025-05-28,170.500,7.734,False
2025-05-29,170.500,7.734,False
2025-05-30,162.000,7.348,False
2025-06-02,160.000,7.257,False
2025-06-03,160.000,7.257,False
2025-06-04,150.950,6.847,False
2025-06-05,150.950,6.847,False
2025-06-06,150.950,6.847,False
2025-06-09,150.950,6.847,False
2025-06-10,150.950,6.847,False
2025-06-11,149.290,6.772,False
2025-06-12,147.740,6.701,False
2025-06-13,147.740,6.701,False
2025-06-16,147.740,6.701,False
2025-06-17,147.740,6.701,False
2025-06-18,147.740,6.701,False
2025-06-19,146.790,6.658,False
2025-06-20,146.790,6.658,False
2025-06-23,146.790,6.658,False
2025-06-24,146.790,6.658,False
2025-06-25,146.310,6.637,False
2025-06-26,146.310,6.637,False
2025-06-27,146.310,6.637,False
2025-06-30,140.500,6.373,False
2025-07-01,140.000,6.350,False
2025-07-02,140.000,6.350,False
2025-07-03,140.000,6.350,False
2025-07-04,140.000,6.350,False
2025-07-07,140.000,6.350,False
2025-07-08,140.000,6.350,False
2025-07-09,140.000,6.350,False
2025-07-10,140.000,6.350,False
2025-07-11,135.110,6.128,False
2025-07-14,135.110,6.128,False
2025-07-15,135.110,6.128,False
2025-07-16,135.110,6.128,False
2025-07-17,135.110,6.128,False
2025-07-18,135.110,6.128,False
2025-07-21,135.110,6.128,False
2025-07-22,135.110,6.128,False
2025-07-23,137.390,6.232,False
2025-07-24,137.390,6.232,False
2025-07-25,137.390,6.232,False
2025-07-28,137.390,6.232,False
2025-07-29,137.390,6.232,False
2025-07-30,137.390,6.232,False
2025-07-31,140.500,6.373,False
2025-08-01,145.000,6.577,False
2025-08-04,145.000,6.577,False
2025-08-05,145.000,6.577,False
2025-08-06,145.000,6.577,False
2025-08-07,145.000,6.577,False
2025-08-08,145.000,6.577,False
2025-08-11,145.000,6.577,False
2025-08-12,145.000,6.577,False
2025-08-13,145.000,6.577,False
2025-08-14,145.000,6.577,False
2025-08-15,145.000,6.577,False
2025-08-18,146.190,6.631,False
2025-08-19,146.190,6.631,False
2025-08-20,146.190,6.631,False
2025-08-21,147.860,6.707,False
2025-08-22,147.860,6.707,False
2025-08-26,147.860,6.707,False
2025-08-27,147.630,6.696,False
2025-08-28,148.130,6.719,False
2025-08-29,154.500,7.008,False
2025-09-01,157.500,7.144,False
2025-09-02,159.890,7.252,False
2025-09-03,159.890,7.252,False
2025-09-04,159.890,7.252,False
2025-09-05,159.890,7.252,False
2025-09-08,159.890,7.252,False
2025-09-09,159.890,7.252,False
2025-09-10,161.590,7.330,False
2025-09-11,161.590,7.330,False
2025-09-12,161.590,7.330,False
2025-09-15,162.950,7.391,False
2025-09-16,164.200,7.448,False
2025-09-17,164.200,7.448,False
2025-09-18,164.200,7.448,False
2025-09-19,164.200,7.448,False
2025-09-22,164.200,7.448,False
2025-09-23,165.570,7.510,False
2025-09-24,165.570,7.510,False
2025-09-25,165.570,7.510,False
2025-09-26,165.570,7.510,False
2025-09-29,165.570,7.510,False
2025-09-30,174.000,7.893,False
2025-10-01,180.000,8.165,False
2025-10-02,180.000,8.165,False
2025-10-03,184.570,8.372,False
2025-10-06,184.570,8.372,False
2025-10-07,184.570,8.372,False
2025-10-08,190.430,8.638,False
2025-10-09,194.130,8.806,False
2025-10-10,194.130,8.806,False
2025-10-13,194.130,8.806,False
2025-10-14,194.130,8.806,False
2025-10-15,195.540,8.870,False
2025-10-16,195.540,8.870,False
2025-10-17,195.540,8.870,False
2025-10-20,195.540,8.870,False
2025-10-21,196.520,8.914,False
2025-10-22,196.520,8.914,False
2025-10-23,201.090,9.121,False
2025-10-24,201.740,9.151,False
2025-10-27,203.910,9.249,False
2025-10-28,203.910,9.249,False
2025-10-29,204.570,9.279,False
