date,premium_usd_t,premium_cpl
2021-07-01,325.560,14.767
2021-08-01,364.440,16.531
2021-09-01,382.810,17.364
2021-10-01,349.720,15.863
2021-11-01,296.670,13.457
2021-12-01,333.060,15.107
2022-01-01,446.250,20.242
2022-02-01,466.260,21.149
2022-03-01,555.000,25.174
2022-04-01,604.450,27.417
2022-05-01,613.340,27.821
2022-06-01,594.380,26.961
2022-07-01,565.000,25.628
2022-08-01,513.330,23.284
2022-09-01,416.110,18.874
2022-10-01,312.500,14.175
2022-11-01,252.780,11.466
2022-12-01,253.890,11.516
2023-01-01,281.670,12.776
2023-02-01,302.820,13.736
2023-03-01,323.890,14.691
2023-04-01,330.000,14.969
2023-05-01,327.780,14.868
2023-06-01,313.890,14.238
2023-07-01,297.810,13.508
2023-08-01,281.110,12.751
2023-09-01,253.330,11.491
2023-10-01,217.780,9.878
2023-11-01,195.000,8.845
2023-12-01,194.440,8.820
2024-01-01,230.560,10.458
2024-02-01,247.500,11.226
2024-03-01,262.780,11.920
2024-04-01,300.000,13.608
2024-05-01,330.000,14.969
2024-06-01,337.500,15.309
2024-07-01,339.440,15.397
2024-08-01,339.720,15.409
2024-09-01,341.880,15.507
2024-10-01,339.720,15.409
2024-11-01,344.720,15.636
2024-12-01,358.610,16.266
2025-01-01,356.940,16.191
2025-02-01,283.440,12.857
2025-03-01,219.060,9.936
2025-04-01,199.720,9.059
2025-05-01,196.670,8.921
2025-06-01,189.380,8.590
2025-07-01,188.330,8.543
2025-08-01,209.720,9.513
2025-09-01,240.830,10.924
2025-10-01,286.110,12.978
2025-11-01,326.250,14.798
2025-12-01,330.000,14.969
2026-01-01,342.220,15.523
2026-02-01,360.630,16.358
2026-03-01,483.060,21.911
2026-04-01,585.630,26.564
2026-05-01,595.560,27.014
2026-06-01,562.220,25.502
2026-07-01,518.060,23.499
2026-08-01,484.380,21.971
