date,lme_cash,dp,dup_observed,rate_observed,dup_mid,dup_low,dup_high,source,premium_usd_t,premium_cpl
2021-07-01,2491.955,325.560,256.817,0.025,250.657,235.000,274.367,observed,256.817,11.649
2021-08-01,2610.643,364.440,297.148,0.023,285.349,268.816,310.384,observed,297.148,13.478
2021-09-01,2839.682,382.810,305.181,0.025,297.141,279.234,324.259,observed,305.181,13.843
2021-10-01,2955.167,349.720,294.950,0.017,261.861,243.495,289.672,observed,294.950,13.379
2021-11-01,2641.409,296.670,242.060,0.019,218.562,202.235,243.287,observed,242.060,10.980
2021-12-01,2695.357,333.060,247.574,0.029,252.551,235.722,278.035,observed,247.574,11.230
2022-01-01,3003.075,446.250,332.397,0.034,354.551,335.383,383.578,observed,332.397,15.077
2022-02-01,3260.825,466.260,370.788,0.026,367.177,346.465,398.541,observed,370.788,16.819
2022-03-01,3537.848,555.000,413.118,0.036,446.193,423.449,480.635,observed,413.118,18.739
2022-04-01,3256.579,604.450,470.822,0.036,501.806,480.350,534.297,observed,470.822,21.356
2022-05-01,2826.357,613.340,505.000,0.033,521.897,502.782,550.843,observed,505.000,22.906
2022-06-01,2562.925,594.380,502.525,0.030,510.444,492.899,537.014,observed,502.525,22.794
2022-07-01,2401.571,565.000,481.671,0.029,486.135,469.649,511.099,observed,481.671,21.848
2022-08-01,2431.318,513.330,443.290,0.024,435.048,418.684,459.827,observed,443.290,20.107
2022-09-01,2229.909,416.110,360.559,0.021,345.767,331.062,368.033,observed,360.559,16.355
2022-10-01,2243.286,312.500,241.656,0.029,244.555,230.353,266.063,observed,241.656,10.961
2022-11-01,2335.273,252.780,201.288,0.020,183.978,169.596,205.757,observed,201.288,9.130
2022-12-01,2394.875,253.890,200.060,0.021,183.474,168.754,205.763,observed,200.060,9.075
2023-01-01,2489.024,281.670,208.695,0.027,208.012,192.615,231.328,observed,208.695,9.466
2023-02-01,2417.275,302.820,215.859,0.033,230.507,215.392,253.397,observed,215.859,9.791
2023-03-01,2290.109,323.890,224.887,0.039,254.398,239.872,276.395,observed,224.887,10.201
2023-04-01,2341.000,330.000,243.079,0.034,258.992,244.150,281.469,observed,243.079,11.026
2023-05-01,2267.600,327.780,245.000,0.033,258.783,244.360,280.623,observed,245.000,11.113
2023-06-01,2181.068,313.890,240.691,0.030,247.562,233.698,268.558,observed,240.691,10.918
2023-07-01,2152.381,297.810,228.550,0.029,232.673,219.057,253.291,observed,228.550,10.367
2023-08-01,2134.159,281.110,216.095,0.028,216.901,203.479,237.226,observed,216.095,9.802
2023-09-01,2177.500,253.330,198.398,0.023,188.707,175.199,209.163,observed,198.398,8.999
2023-10-01,2192.455,217.780,166.424,0.022,153.705,140.311,173.987,observed,166.424,7.549
2023-11-01,2202.227,195.000,135.106,0.026,131.271,117.949,151.444,observed,135.106,6.128
2023-12-01,2174.289,194.440,128.512,0.029,131.468,118.305,151.402,observed,128.512,5.829
2024-01-01,2194.182,230.560,158.580,0.031,166.099,152.625,186.504,observed,158.580,7.193
2024-02-01,2182.548,247.500,176.061,0.030,182.898,169.394,203.347,observed,176.061,7.986
2024-03-01,2222.350,262.780,191.151,0.030,196.714,182.904,217.627,observed,191.151,8.670
2024-04-01,2497.881,300.000,213.996,0.032,225.619,210.071,249.164,observed,213.996,9.707
2024-05-01,2565.190,330.000,241.366,0.032,253.032,236.944,277.396,observed,241.366,10.948
2024-06-01,2495.050,337.500,261.500,0.028,262.198,246.457,286.034,observed,261.500,11.861
2024-07-01,2362.304,339.440,270.000,0.026,267.615,252.601,290.351,observed,270.000,12.247
2024-08-01,2334.333,339.720,278.889,0.023,268.631,253.771,291.134,observed,278.889,12.650
2024-09-01,2451.667,341.880,283.334,0.021,267.615,252.091,291.123,observed,283.334,12.852
2024-10-01,2598.391,339.720,289.227,0.017,261.611,245.284,286.336,observed,289.227,13.119
2024-11-01,2583.190,344.720,291.500,0.019,266.883,250.612,291.521,observed,291.500,13.222
2024-12-01,2538.425,358.610,301.847,0.020,281.593,265.494,305.972,observed,301.847,13.692
2025-01-01,2574.955,356.940,306.272,0.018,278.997,262.704,303.669,observed,306.272,13.892
2025-02-01,2653.375,283.440,272.140,0.004,205.366,189.046,230.080,observed,272.140,12.344
2025-03-01,2657.214,219.060,221.785,-0.001,142.595,126.612,166.800,observed,221.785,10.060
2025-04-01,2381.250,199.720,185.730,0.005,131.106,116.763,152.825,observed,185.730,8.425
2025-05-01,2442.400,196.670,174.212,0.009,126.511,111.846,148.720,observed,174.212,7.902
2025-06-01,2516.476,189.380,149.016,0.015,117.446,102.409,140.216,observed,149.016,6.759
2025-07-01,2604.152,188.330,137.640,0.018,114.093,98.575,137.592,observed,137.640,6.243
2025-08-01,2594.025,209.720,146.370,0.023,135.184,119.603,158.778,observed,146.370,6.639
2025-09-01,2653.250,240.830,163.064,0.028,163.892,147.809,188.246,observed,163.064,7.396
2025-10-01,2786.304,286.110,193.861,0.031,204.431,187.357,230.286,observed,193.861,8.793
2025-11-01,2822.925,326.250,,,242.530,225.030,269.031,reconstructed,242.530,11.001
2025-12-01,2875.452,330.000,,,244.784,226.971,271.759,reconstructed,244.784,11.103
2026-01-01,3148.405,342.220,,,249.423,230.025,278.797,reconstructed,249.423,11.314
2026-02-01,3065.350,360.630,,,269.552,250.513,298.382,reconstructed,269.552,12.227
2026-03-01,3370.159,483.060,,,380.624,359.211,413.049,reconstructed,380.624,17.265
2026-04-01,3600.625,585.630,,,474.340,451.077,509.568,reconstructed,474.340,21.516
2026-05-01,3670.184,595.560,,,482.157,458.452,518.054,reconstructed,482.157,21.870
2026-06-01,3458.636,562.220,,,455.327,432.983,489.163,reconstructed,455.327,20.653
2026-07-01,3155.978,518.060,,,420.387,399.970,451.305,reconstructed,420.387,19.068
2026-08-01,3249.625,484.380,,,385.113,364.363,416.535,reconstructed,385.113,17.468
