date,premium_usd_t,premium_cpl,n_days
2019-03-01,87.223,3.956,14
2019-04-01,92.195,4.182,20
2019-05-01,87.354,3.962,21
2019-06-01,95.050,4.311,20
2019-07-01,95.421,4.328,23
2019-08-01,100.422,4.555,21
2019-09-01,107.862,4.893,21
2019-10-01,98.537,4.470,23
2019-11-01,85.165,3.863,21
2019-12-01,78.457,3.559,20
2020-01-01,96.809,4.391,22
2020-02-01,107.337,4.869,20
2020-03-01,106.790,4.844,22
2020-04-01,84.925,3.852,20
2020-05-01,80.615,3.657,19
2020-06-01,85.000,3.856,22
2020-07-01,85.287,3.869,23
2020-08-01,92.500,4.196,20
2020-09-01,107.454,4.874,22
2020-10-01,110.665,5.020,22
2020-11-01,98.648,4.475,21
2020-12-01,104.817,4.754,21
2021-01-01,113.052,5.128,20
2021-02-01,118.186,5.361,20
2021-03-01,143.603,6.514,23
2021-04-01,187.281,8.495,20
2021-05-01,193.336,8.770,19
2021-06-01,202.147,9.169,22
2021-07-01,256.817,11.649,21
2021-08-01,297.148,13.478,21
2021-09-01,305.181,13.843,22
2021-10-01,294.950,13.379,21
2021-11-01,242.060,10.980,22
2021-12-01,247.574,11.230,21
2022-01-01,332.397,15.077,20
2022-02-01,370.788,16.819,20
2022-03-01,413.118,18.739,23
2022-04-01,470.822,21.356,19
2022-05-01,505.000,22.906,21
2022-06-01,502.525,22.794,20
2022-07-01,481.671,21.848,21
2022-08-01,443.290,20.107,22
2022-09-01,360.559,16.355,21
2022-10-01,241.656,10.961,21
2022-11-01,201.288,9.130,22
2022-12-01,200.060,9.075,20
2023-01-01,208.695,9.466,21
2023-02-01,215.859,9.791,20
2023-03-01,224.887,10.201,23
2023-04-01,243.079,11.026,18
2023-05-01,245.000,11.113,20
2023-06-01,240.691,10.918,22
2023-07-01,228.550,10.367,21
2023-08-01,216.095,9.802,22
2023-09-01,198.398,8.999,21
2023-10-01,166.424,7.549,22
2023-11-01,135.106,6.128,22
2023-12-01,128.512,5.829,19
2024-01-01,158.580,7.193,22
2024-02-01,176.061,7.986,21
2024-03-01,191.151,8.670,20
2024-04-01,213.996,9.707,21
2024-05-01,241.366,10.948,21
2024-06-01,261.500,11.861,20
2024-07-01,270.000,12.247,22
2024-08-01,278.889,12.650,20
2024-09-01,283.334,12.852,21
2024-10-01,289.227,13.119,22
2024-11-01,291.500,13.222,20
2024-12-01,301.847,13.692,20
2025-01-01,306.272,13.892,22
2025-02-01,272.140,12.344,20
2025-03-01,221.785,10.060,21
2025-04-01,185.730,8.425,20
2025-05-01,174.212,7.902,20
2025-06-01,149.016,6.759,21
2025-07-01,137.640,6.243,23
2025-08-01,146.370,6.639,20
2025-09-01,163.064,7.396,22
2025-10-01,193.861,8.793,21
