date,contract_month,premium_usd_t,premium_cpl,volume,open_interest
2026-06-15,2026-10-01,526.320,23.873,68,1266
2026-06-16,2026-10-01,475.000,21.546,10,1266
2026-06-17,2026-10-01,470.000,21.319,45,1271
2026-06-18,2026-10-01,440.260,19.970,95,1271
2026-06-22,2026-10-01,440.260,19.970,30,1273
2026-06-23,2026-10-01,440.260,19.970,0,1273
2026-06-24,2026-10-01,440.260,19.970,0,1273
2026-06-25,2026-10-01,422.000,19.142,50,1273
2026-06-26,2026-10-01,422.000,19.142,0,1273
2026-06-29,2026-10-01,422.000,19.142,0,1273
2026-06-30,2026-10-01,422.000,19.142,0,1273
2026-07-01,2026-10-01,435.000,19.731,15,1288
2026-07-02,2026-10-01,441.250,20.015,40,1318
2026-07-06,2026-10-01,441.250,20.015,10,1328
2026-07-07,2026-10-01,441.250,20.015,0,1328
2026-07-08,2026-10-01,458.180,20.783,11,1334
2026-07-09,2026-10-01,465.000,21.092,10,1344
2026-07-10,2026-10-01,465.000,21.092,8,1344
2026-07-13,2026-10-01,500.000,22.680,8,1344
2026-07-14,2026-10-01,475.000,21.546,40,1384
2026-07-15,2026-10-01,485.000,21.999,100,1454
2026-07-16,2026-10-01,485.000,21.999,20,1474
2026-07-17,2026-10-01,485.000,21.999,0,1474
2026-07-20,2026-10-01,480.000,21.772,10,1484
2026-07-21,2026-10-01,483.060,21.911,45,1479
2026-07-22,2026-10-01,483.060,21.911,0,1479
2026-07-23,2026-10-01,483.060,21.911,0,1479
2026-07-24,2026-10-01,500.000,22.680,10,1479
2026-07-27,2026-10-01,488.000,22.135,80,1479
2026-07-28,2026-10-01,488.000,22.135,0,1479
2026-07-29,2026-10-01,487.600,22.117,127,1532
2026-07-30,2026-10-01,485.000,21.999,15,1547
2026-07-31,2026-10-01,480.000,21.772,25,1572
2026-08-03,2026-10-01,476.880,21.631,160,1732
2026-08-04,2026-10-01,476.880,21.631,0,1732
2026-08-05,2026-10-01,469.000,21.273,10,1722
2026-08-06,2026-10-01,460.000,20.865,25,1712
2026-08-07,2026-10-01,445.000,20.185,20,1707
2026-08-10,2026-10-01,445.000,20.185,0,1707
2026-08-11,2026-10-01,450.000,20.412,20,1727
2026-08-12,2026-10-01,455.000,20.638,20,1747
2026-08-13,2026-10-01,455.000,20.638,0,1747
2026-08-14,2026-10-01,455.000,20.638,0,1747
2026-08-17,2026-10-01,455.000,20.638,0,1747
2026-08-18,2026-10-01,455.000,20.638,0,1747
2026-08-19,2026-10-01,460.000,20.865,20,1767
2026-08-20,2026-10-01,495.000,22.453,20,1787
2026-08-21,2026-10-01,505.550,22.931,110,1802
2026-08-24,2026-10-01,494.250,22.419,159,1760
2026-08-25,2026-10-01,494.250,22.419,0,1760
2026-08-26,2026-10-01,476.750,21.625,40,1740
2026-08-27,2026-10-01,470.000,21.319,30,1740
2026-08-28,2026-10-01,467.220,21.193,90,1765
2026-08-31,2026-10-01,467.220,21.193,90,1765
2026-09-01,2026-10-01,476.810,21.628,72,1765
2026-09-02,2026-10-01,476.810,21.628,0,1765
2026-09-03,2026-10-01,476.810,21.628,0,1765
2026-09-04,2026-10-01,495.000,22.453,70,1822
2026-09-08,2026-10-01,508.570,23.068,70,1857
2026-09-09,2026-10-01,515.000,23.360,20,1857
2026-09-10,2026-10-01,515.000,23.360,20,1877
2026-09-11,2026-10-01,515.000,23.360,15,1870
2026-09-14,2026-10-01,515.000,23.360,0,1870
2026-09-15,2026-10-01,515.000,23.360,0,1870
2026-09-16,2026-10-01,515.000,23.360,0,1870
2026-09-17,2026-10-01,515.000,23.360,0,1870
2026-09-18,2026-10-01,548.000,24.857,50,1880
2026-09-21,2026-10-01,550.000,24.948,40,1860
2026-09-22,2026-10-01,555.000,25.174,40,1890
2026-09-23,2026-10-01,555.000,25.174,20,1910
2026-09-24,2026-10-01,555.000,25.174,0,1910
2026-09-25,2026-10-01,560.000,25.401,30,1940
2026-09-28,2026-10-01,560.000,25.401,0,1940
2026-09-29,2026-10-01,560.000,25.401,0,1940
2026-09-30,2026-10-01,560.000,25.401,0,1940
2026-10-01,2026-10-01,573.850,26.029,26,1937
2026-10-02,2026-10-01,572.030,25.947,10,1937
2026-10-05,2026-10-01,556.250,25.231,10,1947
2026-10-06,2026-10-01,556.530,25.244,0,1947
2026-10-07,2026-10-01,556.750,25.254,0,1947
2026-10-08,2026-10-01,556.920,25.261,0,1947
