date,cash,three_month,stock
2024-01-02,2336.5,2379.0,566375
2024-01-03,2255.5,2302.0,565175
2024-01-04,2235.5,2287.0,561575
2024-01-05,2215.5,2263.0,558175
2024-01-08,2205.5,2253.0,569100
2024-01-09,2200.0,2247.0,565275
2024-01-10,2204.0,2245.0,561825
2024-01-11,2203.0,2245.0,560575
2024-01-12,2175.0,2223.5,558575
2024-01-15,2153.0,2205.0,558550
2024-01-16,2158.5,2207.0,558550
2024-01-17,2142.0,2189.5,557675
2024-01-18,2130.5,2176.0,556300
2024-01-19,2122.0,2164.5,555225
2024-01-22,2110.0,2154.0,550825
2024-01-23,2145.0,2185.5,548325
2024-01-24,2207.5,2244.0,546325
2024-01-25,2188.5,2230.0,545050
2024-01-26,2212.0,2250.0,546250
2024-01-29,2214.0,2251.0,542750
2024-01-30,2226.5,2265.0,537825
2024-01-31,2232.0,2270.5,537575
2024-02-01,2212.5,2251.0,535575
2024-02-02,2209.5,2246.0,533475
2024-02-05,2183.5,2219.5,531175
2024-02-06,2184.5,2221.0,526750
2024-02-07,2195.5,2230.0,528050
2024-02-08,2214.5,2238.0,529350
2024-02-09,2180.5,2213.0,527350
2024-02-12,2188.0,2216.0,525250
2024-02-13,2204.0,2234.0,525225
2024-02-14,2194.0,2223.0,525100
2024-02-15,2205.0,2226.0,538075
2024-02-16,2203.0,2232.0,534925
2024-02-19,2185.0,2203.5,549600
2024-02-20,2147.5,2183.5,564675
2024-02-21,2211.5,2254.0,562125
2024-02-22,2178.5,2223.5,560675
2024-02-23,2157.0,2197.0,580275
2024-02-26,2140.5,2185.5,581800
2024-02-27,2146.0,2198.5,582675
2024-02-28,2130.0,2181.0,591675
2024-02-29,2163.0,2207.0,589650
2024-03-01,2183.5,2222.0,589075
2024-03-04,2182.5,2226.0,586600
2024-03-05,2191.5,2234.0,583700
2024-03-06,2187.5,2231.0,581900
2024-03-07,2210.0,2255.5,580325
2024-03-08,2209.0,2257.0,580050
2024-03-11,2202.0,2243.0,577675
2024-03-12,2213.5,2263.0,575675
2024-03-13,2224.0,2270.0,572925
2024-03-14,2205.0,2255.0,573275
2024-03-15,2218.5,2271.5,571775
2024-03-18,2224.5,2272.5,568525
2024-03-19,2202.5,2255.0,566425
2024-03-20,2231.5,2283.0,566325
2024-03-21,2264.0,2312.0,564050
2024-03-22,2246.5,2295.0,560700
2024-03-25,2267.5,2319.0,559600
2024-03-26,2275.5,2324.5,555775
2024-03-27,2238.0,2287.0,556525
2024-03-28,2270.0,2311.0,554475
2024-04-02,2322.5,2363.0,551400
2024-04-03,2334.0,2380.0,541350
2024-04-04,2394.5,2440.0,536850
2024-04-05,2391.0,2433.0,535475
2024-04-08,2417.0,2462.0,533150
2024-04-09,2403.0,2454.5,529625
2024-04-10,2429.0,2485.0,526075
2024-04-11,2410.5,2460.0,524625
2024-04-12,2443.0,2496.0,523100
2024-04-15,2520.5,2548.0,521600
2024-04-16,2512.0,2535.0,517350
2024-04-17,2581.0,2565.0,513850
2024-04-18,2600.0,2592.0,509250
2024-04-19,2645.5,2655.0,504000
2024-04-22,2654.0,2660.5,500000
2024-04-23,2585.0,2585.5,497300
2024-04-24,2585.5,2598.5,496550
2024-04-25,2586.5,2610.0,494875
2024-04-26,2559.5,2587.0,494150
2024-04-29,2536.5,2568.0,492750
2024-04-30,2545.0,2576.5,490750
2024-05-01,2554.5,2570.0,489250
2024-05-02,2510.0,2553.5,489250
2024-05-03,2517.0,2545.5,487750
2024-05-07,2512.5,2558.5,486050
2024-05-08,2488.0,2530.0,482600
2024-05-09,2494.0,2541.0,479850
2024-05-10,2515.0,2554.0,903850
2024-05-13,2510.0,2550.0,902550
2024-05-14,2477.5,2538.0,1033625
2024-05-15,2529.5,2577.0,1033450
2024-05-16,2538.5,2594.5,1093275
2024-05-17,2544.0,2598.0,1093275
2024-05-20,2568.0,2622.5,1092800
2024-05-21,2645.0,2704.0,1092300
2024-05-22,2625.0,2673.0,1125175
2024-05-23,2551.0,2602.5,1127775
2024-05-24,2599.0,2650.0,1124700
2024-05-28,2653.0,2704.0,1121500
2024-05-29,2695.0,2741.0,1120050
2024-05-30,2665.5,2710.5,1120050
2024-05-31,2677.0,2712.5,1116650
2024-06-03,2625.0,2670.0,1113150
2024-06-04,2603.0,2643.0,1109900
2024-06-05,2577.0,2624.0,1111300
2024-06-06,2587.0,2644.0,1107500
2024-06-07,2578.5,2629.0,1103500
2024-06-10,2515.5,2575.0,1100000
2024-06-11,2475.0,2534.0,1096250
2024-06-12,2476.0,2530.0,1092550
2024-06-13,2498.0,2557.5,1085550
2024-06-14,2465.5,2530.0,1079050
2024-06-17,2420.5,2487.0,1073950
2024-06-18,2427.5,2483.0,1068675
2024-06-19,2445.0,2503.0,1066575
2024-06-20,2461.0,2509.0,1061000
2024-06-21,2452.5,2504.0,1055425
2024-06-24,2454.5,2506.0,1049825
2024-06-25,2451.5,2499.0,1044325
2024-06-26,2444.0,2494.0,1038725
2024-06-27,2458.5,2502.5,1032875
2024-06-28,2485.5,2526.0,1026925
2024-07-01,2496.5,2532.5,1021350
2024-07-02,2489.5,2531.0,1014925
2024-07-03,2487.0,2536.5,1009825
2024-07-04,2493.5,2541.0,1004825
2024-07-05,2495.5,2545.0,999725
2024-07-08,2475.5,2532.0,994175
2024-07-09,2468.5,2525.5,988525
2024-07-10,2432.0,2489.5,987025
2024-07-11,2428.5,2490.5,982000
2024-07-12,2422.0,2484.0,976725
2024-07-15,2404.0,2468.0,970725
2024-07-16,2377.0,2436.5,965550
2024-07-17,2363.0,2418.5,964350
2024-07-18,2335.0,2397.0,963825
2024-07-19,2312.0,2368.0,960075
2024-07-22,2259.0,2316.5,956200
2024-07-23,2264.0,2316.0,952225
2024-07-24,2266.0,2313.0,948450
2024-07-25,2218.5,2276.0,947225
2024-07-26,2229.0,2289.0,943675
2024-07-29,2203.5,2263.5,940125
2024-07-30,2161.5,2225.0,936625
2024-07-31,2252.0,2297.0,933125
2024-08-01,2228.5,2287.0,929325
2024-08-02,2214.5,2272.5,925625
2024-08-05,2167.0,2226.5,921625
2024-08-06,2205.0,2268.0,918050
2024-08-07,2202.5,2263.0,914450
2024-08-08,2204.5,2260.0,910950
2024-08-09,2263.0,2318.5,907450
2024-08-12,2268.0,2321.0,903600
2024-08-13,2256.5,2309.0,899900
2024-08-14,2299.0,2349.0,896200
2024-08-15,2301.0,2350.0,892475
2024-08-16,2293.5,2342.5,888975
2024-08-19,2369.5,2411.0,885375
2024-08-20,2435.0,2466.5,881450
2024-08-21,2443.0,2477.5,877950
2024-08-22,2471.0,2492.5,874450
2024-08-23,2499.0,2509.0,870950
2024-08-27,2520.0,2537.0,867225
2024-08-28,2479.5,2502.0,860225
2024-08-29,2437.5,2466.0,856725
2024-08-30,2463.5,2486.0,852150
2024-09-02,2390.5,2415.5,847425
2024-09-03,2382.0,2405.0,843925
2024-09-04,2367.5,2388.0,840425
2024-09-05,2366.0,2382.0,836925
2024-09-06,2368.0,2388.5,833425
2024-09-09,2318.0,2333.5,834850
2024-09-10,2323.0,2344.0,831350
2024-09-11,2354.5,2365.0,827850
2024-09-12,2390.5,2410.0,824350
2024-09-13,2405.0,2421.5,820850
2024-09-16,2505.0,2518.5,817350
2024-09-17,2505.5,2521.0,813500
2024-09-18,2520.0,2528.0,813500
2024-09-19,2523.0,2538.0,813000
2024-09-20,2477.0,2504.5,809025
2024-09-23,2455.0,2472.0,805525
2024-09-24,2542.0,2559.0,803025
2024-09-25,2512.0,2528.0,800525
2024-09-26,2560.0,2576.0,798025
2024-09-27,2609.5,2624.0,795450
2024-09-30,2611.0,2618.0,792950
2024-10-01,2635.0,2630.5,790450
2024-10-02,2635.0,2635.0,787950
2024-10-03,2638.0,2643.5,785450
2024-10-04,2654.0,2665.5,782775
2024-10-07,2655.5,2655.5,780275
2024-10-08,2569.0,2585.5,777775
2024-10-09,2530.0,2541.0,775275
2024-10-10,2550.5,2558.0,772775
2024-10-11,2645.0,2653.5,770275
2024-10-14,2566.0,2602.0,769275
2024-10-15,2522.0,2558.5,767850
2024-10-16,2557.5,2592.0,765350
2024-10-17,2524.5,2564.0,762850
2024-10-18,2553.0,2588.0,760350
2024-10-21,2582.5,2617.5,757850
2024-10-22,2609.0,2632.5,755350
2024-10-23,2625.0,2647.0,752850
2024-10-24,2643.0,2677.0,750350
2024-10-25,2600.5,2630.5,748700
2024-10-28,2610.0,2647.0,746200
2024-10-29,2617.5,2653.0,743700
2024-10-30,2623.0,2654.0,741200
2024-10-31,2617.5,2644.0,738700
2024-11-01,2613.5,2642.5,736200
2024-11-04,2581.0,2609.0,741900
2024-11-05,2605.5,2640.0,739400
2024-11-06,2549.5,2589.0,736900
2024-11-07,2652.5,2682.0,734400
2024-11-08,2600.5,2636.0,731900
2024-11-11,2555.0,2598.0,729325
2024-11-12,2530.0,2565.0,726700
2024-11-13,2514.0,2549.5,724100
2024-11-14,2504.0,2526.0,721475
2024-11-15,2641.0,2672.0,718950
2024-11-18,2563.0,2588.0,716425
2024-11-19,2583.5,2608.0,713900
2024-11-20,2654.5,2672.5,711400
2024-11-21,2591.0,2625.5,711050
2024-11-22,2589.0,2615.0,708550
2024-11-25,2616.0,2643.5,706000
2024-11-26,2590.5,2621.0,703475
2024-11-27,2577.0,2606.5,700975
2024-11-28,2564.0,2582.0,698475
2024-11-29,2572.0,2586.0,695975
2024-12-02,2564.5,2587.0,693475
2024-12-03,2577.0,2601.5,690700
2024-12-04,2583.0,2615.0,689725
2024-12-05,2620.5,2644.0,687125
2024-12-06,2555.0,2592.5,684600
2024-12-09,2556.0,2596.5,681600
2024-12-10,2553.0,2587.0,679600
2024-12-11,2556.0,2595.0,677600
2024-12-12,2555.0,2604.5,675100
2024-12-13,2567.5,2606.5,675025
2024-12-16,2543.0,2584.0,672525
2024-12-17,2497.0,2533.5,670025
2024-12-18,2483.5,2527.0,667525
2024-12-19,2470.0,2512.0,665025
2024-12-20,2483.0,2525.0,662150
2024-12-23,2504.0,2543.0,659650
2024-12-24,2541.5,2570.5,657150
2024-12-27,2513.0,2545.0,652650
2024-12-30,2529.5,2551.0,643650
2024-12-31,2516.5,2540.5,639150
2025-01-02,2536.0,2561.0,634650
2025-01-03,2475.0,2505.0,630150
2025-01-06,2480.0,2511.0,626775
2025-01-07,2484.0,2513.0,624275
2025-01-08,2474.0,2501.5,621775
2025-01-09,2502.5,2533.0,619275
2025-01-10,2560.5,2577.0,621875
2025-01-13,2573.0,2588.0,619375
2025-01-14,2554.5,2572.5,616875
2025-01-15,2562.0,2579.0,614375
2025-01-16,2628.0,2637.5,611875
2025-01-17,2658.5,2666.0,609375
2025-01-20,2675.0,2682.5,606875
2025-01-21,2635.5,2650.5,604275
2025-01-22,2611.0,2627.0,600175
2025-01-23,2605.5,2616.0,597675
2025-01-24,2640.0,2644.5,595175
2025-01-27,2616.5,2621.5,592625
2025-01-28,2572.0,2581.0,592850
2025-01-29,2590.5,2597.0,590350
2025-01-30,2617.0,2621.0,587850
2025-01-31,2598.0,2598.0,587850
2025-02-03,2584.0,2580.0,587200
2025-02-04,2634.0,2622.0,581200
2025-02-05,2610.0,2607.0,576700
2025-02-06,2638.0,2630.0,572200
2025-02-07,2639.5,2634.5,567700
2025-02-10,2640.0,2636.0,563200
2025-02-11,2647.0,2640.5,558700
2025-02-12,2628.5,2618.5,566050
2025-02-13,2627.0,2612.5,564525
2025-02-14,2662.0,2645.0,560000
2025-02-17,2660.0,2627.0,555950
2025-02-18,2661.0,2639.0,551950
2025-02-19,2709.5,2692.5,547950
2025-02-20,2720.0,2715.0,543900
2025-02-21,2702.0,2694.0,539900
2025-02-24,2673.0,2663.0,535900
2025-02-25,2669.0,2642.5,531025
2025-02-26,2670.5,2650.5,529475
2025-02-27,2655.0,2643.0,525425
2025-02-28,2637.5,2618.5,521200
2025-03-03,2624.0,2614.0,517150
2025-03-04,2634.0,2619.5,524500
2025-03-05,2653.0,2642.0,519875
2025-03-06,2709.0,2698.0,515600
2025-03-07,2693.0,2682.5,510900
2025-03-10,2716.0,2696.0,506200
2025-03-11,2725.0,2705.5,502150
2025-03-12,2737.0,2721.0,501825
2025-03-13,2694.0,2676.0,503550
2025-03-14,2713.0,2689.0,501800
2025-03-17,2715.0,2694.0,497275
2025-03-18,2681.0,2670.0,493250
2025-03-19,2687.0,2677.0,489125
2025-03-20,2685.5,2671.0,487525
2025-03-21,2652.0,2636.0,483925
2025-03-24,2640.5,2628.5,480250
2025-03-25,2608.0,2614.5,476625
2025-03-26,2600.0,2617.0,473100
2025-03-27,2557.0,2575.5,469575
2025-03-28,2559.0,2562.5,466050
2025-03-31,2518.5,2541.0,462450
2025-04-01,2499.0,2515.0,458900
2025-04-02,2480.0,2500.0,458825
2025-04-03,2436.5,2464.0,458800
2025-04-04,2355.5,2394.0,456750
2025-04-07,2350.0,2380.0,454700
2025-04-08,2366.0,2405.0,452525
2025-04-09,2285.0,2327.0,449500
2025-04-10,2343.5,2388.0,446325
2025-04-11,2364.0,2405.0,442225
2025-04-14,2355.5,2399.0,440150
2025-04-15,2333.5,2375.0,439325
2025-04-16,2332.5,2370.0,436975
2025-04-17,2327.5,2367.0,434150
2025-04-22,2355.5,2391.5,431700
2025-04-23,2384.0,2422.0,425600
2025-04-24,2410.0,2442.0,423575
2025-04-25,2412.0,2444.0,421575
2025-04-28,2400.0,2432.0,419575
2025-04-29,2430.0,2464.0,417575
2025-04-30,2405.0,2432.0,415575
2025-05-01,2377.5,2405.0,413575
2025-05-02,2401.5,2424.0,411575
2025-05-06,2404.0,2424.0,411575
2025-05-07,2363.5,2391.0,407575
2025-05-08,2363.5,2389.0,405575
2025-05-09,2401.0,2413.0,403550
2025-05-12,2468.5,2480.0,401525
2025-05-13,2470.0,2472.0,399300
2025-05-14,2530.0,2526.0,399300
2025-05-15,2480.5,2482.5,397275
2025-05-16,2473.5,2469.0,395450
2025-05-19,2450.5,2452.5,393450
2025-05-20,2458.5,2460.0,390925
2025-05-21,2460.5,2469.0,388900
2025-05-22,2445.5,2459.0,386900
2025-05-23,2437.0,2448.0,384575
2025-05-27,2470.5,2472.0,381575
2025-05-28,2479.0,2480.0,377325
2025-05-29,2468.0,2468.0,375075
2025-05-30,2445.0,2448.0,372525
2025-06-02,2451.0,2452.0,370275
2025-06-03,2446.0,2449.0,367875
2025-06-04,2473.0,2476.0,367875
2025-06-05,2472.5,2480.0,365850
2025-06-06,2431.5,2441.0,363850
2025-06-09,2468.5,2472.0,362000
2025-06-10,2482.0,2476.5,359900
2025-06-11,2511.5,2510.0,357600
2025-06-12,2510.0,2511.5,355600
2025-06-13,2485.0,2487.0,353225
2025-06-16,2508.5,2507.0,351200
2025-06-17,2530.0,2530.0,349100
2025-06-18,2545.5,2544.0,347000
2025-06-19,2525.5,2527.0,344950
2025-06-20,2529.0,2529.5,342850
2025-06-23,2599.0,2584.5,340975
2025-06-24,2572.5,2569.0,339900
2025-06-25,2555.5,2562.5,337900
2025-06-26,2573.5,2575.0,336900
2025-06-27,2583.0,2580.5,345200
2025-06-30,2593.0,2591.5,345750
2025-07-01,2604.0,2605.5,348625
2025-07-02,2602.0,2598.0,356625
2025-07-03,2604.0,2609.0,356975
2025-07-04,2587.0,2591.0,363925
2025-07-07,2566.0,2564.5,371150
2025-07-08,2587.0,2585.5,384350
2025-07-09,2580.0,2580.0,390800
2025-07-10,2609.0,2611.0,395725
2025-07-11,2591.5,2593.0,400275
2025-07-14,2586.0,2585.0,405550
2025-07-15,2594.0,2596.0,416975
2025-07-16,2568.0,2567.0,423525
2025-07-17,2557.0,2561.0,427200
2025-07-18,2591.5,2596.0,430700
2025-07-21,2649.0,2646.0,434425
2025-07-22,2638.5,2640.0,438450
2025-07-23,2645.0,2647.0,444800
2025-07-24,2646.5,2648.5,448100
2025-07-25,2657.0,2656.0,450825
2025-07-28,2632.5,2632.0,454275
2025-07-29,2609.0,2608.0,456100
2025-07-30,2611.0,2615.0,460350
2025-07-31,2580.0,2581.5,461025
2025-08-01,2545.0,2547.0,462800
2025-08-04,2575.0,2570.0,463725
2025-08-05,2568.0,2568.0,466025
2025-08-06,2589.5,2591.5,467925
2025-08-07,2617.0,2619.0,469500
2025-08-08,2609.0,2610.5,470575
2025-08-11,2586.5,2591.5,475850
2025-08-12,2605.0,2610.5,477100
2025-08-13,2626.0,2630.0,478625
2025-08-14,2608.5,2608.5,479675
2025-08-15,2600.0,2602.0,479550
2025-08-18,2586.5,2583.0,479525
2025-08-19,2572.5,2574.0,479525
2025-08-20,2567.0,2568.0,479525
2025-08-21,2570.5,2571.5,479525
2025-08-22,2589.0,2587.5,478725
2025-08-26,2611.5,2609.0,478075
2025-08-27,2618.0,2616.5,481250
2025-08-28,2615.0,2610.0,481150
2025-08-29,2621.0,2615.5,481050
2025-09-01,2612.5,2610.0,481050
2025-09-02,2615.0,2612.0,479600
2025-09-03,2617.0,2614.5,479600
2025-09-04,2606.0,2602.0,479600
2025-09-05,2616.0,2613.0,484675
2025-09-08,2613.5,2612.0,485275
2025-09-09,2621.0,2617.0,485275
2025-09-10,2623.5,2622.0,485275
2025-09-11,2656.0,2650.0,485275
2025-09-12,2707.0,2695.5,485275
2025-09-15,2693.5,2695.0,485275
2025-09-16,2736.5,2717.5,483775
2025-09-17,2691.0,2683.5,483775
2025-09-18,2693.0,2685.0,513900
2025-09-19,2689.5,2684.0,513900
2025-09-22,2667.0,2664.0,513900
2025-09-23,2646.0,2640.0,513850
2025-09-24,2623.0,2625.0,517150
2025-09-25,2661.5,2665.5,515925
2025-09-26,2642.5,2648.0,517700
2025-09-29,2672.0,2675.5,515600
2025-09-30,2668.5,2678.0,513425
2025-10-01,2683.5,2688.5,511425
2025-10-02,2700.0,2705.0,508425
2025-10-03,2703.0,2705.0,502800
2025-10-06,2713.0,2716.0,507300
2025-10-07,2713.5,2718.0,505325
2025-10-08,2750.5,2753.0,506400
2025-10-09,2786.5,2781.0,508600
2025-10-10,2799.5,2787.0,508825
2025-10-13,2774.0,2752.5,506000
2025-10-14,2734.0,2732.0,503950
2025-10-15,2752.5,2748.5,498975
2025-10-16,2775.0,2755.5,495325
2025-10-17,2789.5,2776.0,491225
2025-10-20,2773.0,2766.0,487125
2025-10-21,2781.0,2783.0,484125
2025-10-22,2818.0,2812.5,482525
2025-10-23,2845.0,2842.0,477675
2025-10-24,2853.0,2852.0,473125
2025-10-27,2879.0,2877.0,469275
2025-10-28,2859.0,2861.0,465650
2025-10-29,2891.5,2892.0,462750
2025-10-30,2826.0,2846.0,459525
2025-10-31,2885.0,2882.0,558050
2025-11-03,2903.0,2907.0,554575
2025-11-04,2853.0,2861.5,552575
2025-11-05,2838.5,2846.5,550450
2025-11-06,2861.5,2872.0,548375
2025-11-07,2841.0,2851.5,549225
2025-11-10,2867.5,2883.0,547225
2025-11-11,2841.0,2866.0,545225
2025-11-12,2856.0,2889.0,544075
2025-11-13,2876.0,2900.0,553200
2025-11-14,2832.5,2857.0,552375
2025-11-17,2798.0,2834.0,550200
2025-11-18,2749.5,2787.0,548075
2025-11-19,2781.0,2806.0,546075
2025-11-20,2778.5,2811.0,544075
2025-11-21,2765.5,2792.0,548000
2025-11-24,2776.5,2808.0,545950
2025-11-25,2787.0,2815.0,543725
2025-11-26,2822.5,2848.5,541725
2025-11-27,2804.0,2828.0,541050
2025-11-28,2826.0,2852.0,539050
2025-12-01,2860.0,2884.0,537900
2025-12-02,2858.5,2888.0,535900
2025-12-03,2854.0,2883.0,533400
2025-12-04,2854.0,2885.0,530900
2025-12-05,2865.0,2893.0,528300
2025-12-08,2867.5,2897.0,525800
2025-12-09,2832.0,2868.0,523300
2025-12-10,2836.5,2867.0,520800
2025-12-11,2864.0,2886.0,518750
2025-12-12,2845.5,2876.0,519650
2025-12-15,2841.0,2880.5,519600
2025-12-16,2833.5,2881.0,519600
2025-12-17,2851.5,2894.5,519600
2025-12-18,2852.5,2898.0,519600
2025-12-19,2896.0,2945.0,519600
2025-12-22,2898.5,2942.0,519600
2025-12-23,2916.0,2955.5,519600
2025-12-24,2932.0,2959.0,521050
2025-12-29,2913.5,2958.0,519250
2025-12-30,2945.0,2977.5,514250
2025-12-31,2968.0,2990.0,511750
2026-01-02,2986.0,3010.5,509250
2026-01-05,3022.5,3051.0,506750
2026-01-06,3093.0,3112.0,504250
2026-01-07,3092.0,3112.5,501750
2026-01-08,3081.0,3090.0,499750
2026-01-09,3180.0,3163.0,497825
2026-01-12,3185.5,3177.5,495825
2026-01-13,3194.0,3183.5,494000
2026-01-14,3221.0,3205.0,492000
2026-01-15,3174.0,3176.0,490000
2026-01-16,3147.0,3138.5,488000
2026-01-19,3168.5,3152.0,485000
2026-01-20,3137.0,3136.0,483000
2026-01-21,3114.0,3123.0,507175
2026-01-22,3093.5,3114.0,509275
2026-01-23,3175.0,3177.0,507275
2026-01-26,3192.0,3195.5,505275
2026-01-27,3166.5,3178.0,502250
2026-01-28,3259.0,3262.0,499975
2026-01-29,3325.0,3326.0,497725
2026-01-30,3110.0,3134.0,495725
2026-02-02,3042.0,3066.0,497175
2026-02-03,3103.0,3113.0,495175
2026-02-04,3047.5,3076.0,495175
2026-02-05,3014.0,3037.0,492975
2026-02-06,3045.0,3063.5,490975
2026-02-09,3083.5,3108.0,488975
2026-02-10,3063.0,3093.0,486975
2026-02-11,3098.0,3127.0,485750
2026-02-12,3117.0,3146.0,483550
2026-02-13,2996.0,3028.0,481550
2026-02-16,3037.5,3074.0,479550
2026-02-17,3014.0,3047.0,477550
2026-02-18,3035.0,3061.0,475550
2026-02-19,3026.0,3055.5,475550
2026-02-20,3053.0,3079.0,475550
2026-02-23,3070.0,3097.0,473550
2026-02-24,3077.0,3102.0,471550
2026-02-25,3107.0,3131.5,469550
2026-02-26,3121.0,3147.0,467550
2026-02-27,3157.5,3165.0,465550
2026-03-02,3226.0,3233.0,463550
2026-03-03,3269.0,3260.5,461550
2026-03-04,3378.0,3372.0,461125
2026-03-05,3298.5,3302.0,459125
2026-03-06,3385.0,3362.0,456875
2026-03-09,3406.5,3387.0,454625
2026-03-10,3402.5,3390.0,452375
2026-03-11,3467.0,3444.0,450125
2026-03-12,3516.5,3494.0,447300
2026-03-13,3520.0,3486.0,445300
2026-03-16,3440.0,3417.0,442825
2026-03-17,3426.0,3413.0,440325
2026-03-18,3400.0,3380.0,436625
2026-03-19,3200.0,3155.0,432725
2026-03-20,3329.0,3287.5,429675
2026-03-23,3251.5,3222.0,427675
2026-03-24,3242.5,3218.0,427675
2026-03-25,3294.5,3247.0,426750
2026-03-26,3332.0,3273.0,423075
2026-03-27,3292.0,3242.0,420875
2026-03-30,3482.0,3425.0,418675
2026-03-31,3585.0,3506.0,416775
2026-04-01,3583.5,3525.0,414175
2026-04-02,3505.0,3425.0,411950
2026-04-07,3600.0,3509.0,409900
2026-04-08,3520.0,3465.0,403875
2026-04-09,3494.5,3457.0,401625
2026-04-10,3526.0,3483.0,399150
2026-04-13,3665.5,3571.0,397100
2026-04-14,3625.0,3566.0,395975
2026-04-15,3581.0,3565.5,393775
2026-04-16,3678.5,3636.5,391675
2026-04-17,3660.0,3632.0,388850
2026-04-20,3590.0,3552.5,386250
2026-04-21,3613.0,3569.0,383275
2026-04-22,3652.0,3605.0,381050
2026-04-23,3642.0,3590.0,378825
2026-04-24,3685.0,3600.0,376275
2026-04-27,3662.0,3588.0,372700
2026-04-28,3600.0,3537.0,370275
2026-04-29,3604.0,3556.0,368200
2026-04-30,3525.5,3482.0,367050
2026-05-01,3584.0,3523.0,364725
2026-05-05,3632.5,3563.0,362725
2026-05-06,3597.0,3545.5,360225
2026-05-07,3559.0,3510.0,358225
2026-05-08,3560.5,3511.5,355775
2026-05-11,3655.0,3571.0,353350
2026-05-12,3639.5,3566.0,351000
2026-05-13,3729.5,3650.0,348750
2026-05-14,3768.0,3666.0,346500
2026-05-15,3635.0,3580.0,344000
2026-05-18,3637.0,3565.0,341775
2026-05-19,3665.0,3612.0,340575
2026-05-20,3644.0,3590.0,339475
2026-05-21,3720.0,3649.0,339475
2026-05-22,3706.0,3642.0,339475
2026-05-26,3759.0,3682.0,339350
2026-05-27,3738.0,3664.0,339250
2026-05-28,3735.0,3640.0,338000
2026-05-29,3769.5,3685.0,338000
2026-06-01,3795.5,3685.5,337700
2026-06-02,3855.0,3752.5,335450
2026-06-03,3797.0,3723.0,335450
2026-06-04,3739.0,3663.0,335200
2026-06-05,3736.0,3669.5,333200
2026-06-08,3669.5,3600.5,330950
2026-06-09,3608.0,3586.0,327750
2026-06-10,3489.0,3481.0,324825
2026-06-11,3498.5,3495.5,322000
2026-06-12,3536.0,3532.0,319925
2026-06-15,3419.5,3431.0,319500
2026-06-16,3359.0,3389.5,318000
2026-06-17,3405.5,3410.0,316525
2026-06-18,3402.0,3401.0,315525
2026-06-19,3400.0,3398.0,315300
2026-06-22,3405.0,3406.0,313800
2026-06-23,3263.5,3271.0,311725
2026-06-24,3150.0,3160.5,310225
2026-06-25,3132.0,3146.0,308225
2026-06-26,3164.0,3176.0,306725
2026-06-29,3160.5,3166.0,305225
2026-06-30,3105.5,3112.0,303675
2026-07-01,3075.0,3073.0,301775
2026-07-02,3061.5,3065.0,300275
2026-07-03,3080.0,3087.0,298775
2026-07-06,3105.0,3113.0,295550
2026-07-07,3119.0,3127.5,292425
2026-07-08,3141.0,3147.0,290825
2026-07-09,3164.0,3169.0,289225
2026-07-10,3156.0,3153.0,287725
2026-07-13,3138.5,3147.0,286225
2026-07-14,3171.0,3167.5,284600
2026-07-15,3153.5,3150.5,283100
2026-07-16,3170.0,3166.5,281600
2026-07-17,3154.0,3146.5,280100
2026-07-20,3156.0,3147.5,279775
2026-07-21,3183.5,3170.5,278275
2026-07-22,3205.0,3185.0,276775
2026-07-23,3194.0,3182.0,275175
2026-07-24,3175.0,3160.5,272775
2026-07-27,3192.0,3181.0,271275
2026-07-28,3159.5,3143.5,269300
2026-07-29,3207.0,3177.0,267800
2026-07-30,3231.0,3187.0,266300
2026-07-31,3196.0,3179.0,264400
2026-08-03,3260.0,3212.0,262650
2026-08-04,3271.0,3236.5,260900
2026-08-05,3229.0,3229.5,259400
2026-08-06,3261.0,3260.0,257900
2026-08-07,3279.5,3280.0,256400
2026-08-10,3327.5,3320.5,254900
2026-08-11,3373.0,3374.0,253400
2026-08-12,3307.5,3308.5,251700
2026-08-13,3279.0,3275.0,250000
2026-08-14,3248.0,3246.0,248300
2026-08-17,3272.0,3272.0,246925
2026-08-18,3219.0,3234.0,246925
2026-08-19,3191.5,3212.0,246925
2026-08-20,3182.0,3183.0,246925
2026-08-21,3227.0,3244.0,246925
2026-08-24,3215.5,3235.0,246925
2026-08-25,3188.0,3206.5,246825
2026-08-26,3227.5,3239.0,246825
2026-08-27,3212.5,3216.0,246825
2026-08-28,3222.0,3241.0,246725
2026-09-01,3261.0,3261.0,246725
2026-09-02,3255.5,3253.5,246225
2026-09-03,3303.0,3303.5,245975
2026-09-04,3292.5,3293.0,244525
2026-09-07,3310.0,3308.0,244525
2026-09-08,3325.0,3319.0,244525
2026-09-09,3352.0,3338.0,244525
2026-09-10,3343.0,3318.0,244350
2026-09-11,3274.0,3250.0,244100
2026-09-14,3311.0,3257.0,243850
2026-09-15,3260.0,3236.0,243600
2026-09-16,3310.0,3289.0,243600
2026-09-17,3303.5,3285.0,242600
2026-09-18,3285.0,3282.0,242600
2026-09-21,3262.5,3273.0,242200
2026-09-22,3242.0,3264.0,242125
2026-09-23,3240.0,3260.0,241375
2026-09-24,3228.0,3252.5,241375
2026-09-25,3254.0,3267.0,241375
2026-09-28,3248.5,3252.0,241375
2026-09-29,3225.5,3232.0,241375
2026-09-30,3204.0,3210.0,241375
2026-10-01,3120.0,3131.0,240625
2026-10-02,3109.5,3122.0,240375
2026-10-05,3107.0,3118.0,240375
