date,midwest_cpl,lme_cash_cpl,premium_cpl,midwest_usd_t,lme_cash_usd_t,premium_usd_t,vintage
2020-08-01,93.613,78.648,14.965,2063.810,1733.890,329.920,2021-08
2020-09-01,93.627,79.167,14.460,2064.120,1745.330,318.790,2021-09
2020-10-01,94.236,81.774,12.462,2077.550,1802.810,274.740,2021-10
2020-11-01,100.921,87.639,13.282,2224.930,1932.110,292.820,2021-11
2020-12-01,105.798,91.531,14.267,2332.450,2017.910,314.530,2021-12
2021-01-01,105.638,90.891,14.747,2328.920,2003.800,325.120,2022-01
2021-02-01,109.548,94.329,15.219,2415.120,2079.600,335.520,2022-02
2021-03-01,118.185,99.409,18.776,2605.530,2191.590,413.940,2022-03
2021-04-01,128.563,105.404,23.159,2834.330,2323.760,510.570,2022-04
2021-05-01,136.947,110.397,26.550,3019.160,2433.840,585.330,2022-05
2021-06-01,138.489,110.635,27.854,3053.160,2439.080,614.080,2022-06
2021-07-01,144.205,113.033,31.172,3179.180,2491.950,687.220,2022-07
2021-08-01,152.055,118.417,33.638,3352.240,2610.650,741.590,2022-08
2021-09-01,163.420,128.794,34.626,3602.790,2839.420,763.370,2022-09
2021-10-01,168.110,134.028,34.082,3706.190,2954.810,751.380,2022-10
2021-11-01,147.557,119.796,27.761,3253.070,2641.050,612.030,2022-11
2021-12-01,149.417,122.237,27.180,3294.080,2694.860,599.220,2022-12
2022-01-01,169.020,136.197,32.823,3726.250,3002.630,723.620,2023-01
2022-02-01,182.873,147.883,34.990,4031.660,3260.260,771.400,2023-02
2022-03-01,198.185,160.448,37.737,4369.230,3537.270,831.960,2023-03
2022-04-01,187.079,147.693,39.386,4124.390,3256.070,868.310,2023-04
2022-05-01,165.795,128.182,37.613,3655.150,2825.930,829.220,2023-05
2022-06-01,149.085,116.235,32.850,3286.760,2562.540,724.220,2023-05
2022-07-01,137.994,108.911,29.083,3042.250,2401.080,641.170,2023-07
2022-08-01,136.691,110.264,26.427,3013.520,2430.910,582.620,2023-08
2022-09-01,125.275,101.129,24.146,2761.840,2229.510,532.330,2023-09
2022-10-01,122.548,101.737,20.811,2701.720,2242.920,458.800,2023-10
2022-11-01,126.830,105.909,20.921,2796.120,2334.890,461.230,2023-11
2022-12-01,129.488,108.612,20.876,2854.720,2394.480,460.240,2023-12
2023-01-01,141.000,112.881,28.119,3108.520,2488.600,619.920,2024-01
2023-02-01,139.175,109.624,29.551,3068.280,2416.800,651.490,2024-02
2023-03-01,131.935,103.858,28.077,2908.670,2289.680,618.990,2024-03
2023-04-01,131.764,106.168,25.596,2904.900,2340.600,564.300,2024-04
2023-05-01,127.088,102.837,24.251,2801.810,2267.170,534.640,2024-05
2023-06-01,124.000,98.917,25.083,2733.730,2180.750,552.990,2024-06
2023-07-01,121.012,97.614,23.398,2667.860,2152.020,515.840,2024-07
2023-08-01,118.557,96.787,21.770,2613.730,2133.790,479.950,2024-08
2023-09-01,119.429,98.756,20.673,2632.960,2177.200,455.760,2024-09
2023-10-01,119.136,99.433,19.703,2626.500,2192.120,434.380,2024-10
2023-11-01,119.011,99.877,19.134,2623.740,2201.910,421.830,2024-11
2023-12-01,118.250,98.610,19.640,2606.970,2173.980,432.990,2024-12
2024-01-01,118.966,99.514,19.452,2622.750,2193.910,428.840,2025-01
2024-02-01,117.083,98.984,18.099,2581.240,2182.220,399.010,2025-02
2024-03-01,119.438,100.791,18.647,2633.160,2222.060,411.100,2025-03
2024-04-01,132.536,113.285,19.251,2921.920,2497.510,424.410,2025-03
2024-05-01,136.524,116.334,20.190,3009.840,2564.730,445.110,2025-05
2024-06-01,133.738,113.154,20.584,2948.420,2494.620,453.800,2025-06
2024-07-01,125.870,107.137,18.733,2774.960,2361.970,412.990,2025-07
2024-08-01,125.571,105.865,19.706,2768.370,2333.920,434.440,2025-08
2024-09-01,130.393,111.185,19.208,2874.670,2451.210,423.460,2025-09
2024-10-01,136.848,117.840,19.008,3016.980,2597.930,419.050,2025-10
2024-11-01,138.940,117.150,21.790,3063.100,2582.720,480.390,2025-11
2024-12-01,138.200,115.126,23.074,3046.790,2538.090,508.690,2025-12
2025-01-01,141.216,116.777,24.439,3113.280,2574.490,538.790,2026-01
2025-02-01,156.350,120.336,36.014,3446.930,2652.950,793.970,2026-02
2025-03-01,159.083,120.509,38.574,3507.180,2656.770,850.410,2026-03
2025-04-01,146.813,107.996,38.817,3236.670,2380.900,855.770,2026-04
2025-05-01,148.913,110.766,38.147,3282.970,2441.970,841.000,2026-05
2025-06-01,172.131,114.129,58.002,3794.840,2516.110,1278.730,2026-06
2025-07-01,186.109,118.106,68.003,4103.000,2603.790,1499.210,2026-06
2025-08-01,189.075,117.643,71.432,4168.390,2593.580,1574.810,2026-06
2025-09-01,194.398,120.335,74.063,4285.740,2652.930,1632.810,2026-06
2025-10-01,208.141,126.367,81.774,4588.720,2785.920,1802.810,2026-06
2025-11-01,215.813,128.029,87.784,4757.860,2822.560,1935.310,2026-06
2025-12-01,220.202,130.414,89.788,4854.620,2875.140,1979.490,2026-06
2026-01-01,241.512,142.790,98.722,5324.430,3147.980,2176.450,2026-06
2026-02-01,243.538,139.023,104.515,5369.090,3064.930,2304.160,2026-06
2026-03-01,261.841,152.849,108.992,5772.610,3369.740,2402.860,2026-06
2026-04-01,274.325,163.301,111.024,6047.830,3600.170,2447.660,2026-06
2026-05-01,281.974,166.456,115.518,6216.460,3669.730,2546.740,2026-06
2026-06-01,270.636,156.859,113.777,5966.500,3458.150,2508.350,2026-06
