"Date","Price","Open","High","Low","Vol.","Change %"
"10/29/2025","204.57","204.57","204.57","204.57","","0.32%"
"10/28/2025","203.91","203.91","203.91","203.91","","0.00%"
"10/27/2025","203.91","203.91","203.91","203.91","","1.08%"
"10/24/2025","201.74","201.74","201.74","201.74","","0.32%"
"10/23/2025","201.09","201.09","201.09","201.09","","2.33%"
"10/22/2025","196.52","196.52","196.52","196.52","","0.00%"
"10/21/2025","196.52","196.52","196.52","196.52","","0.50%"
"10/20/2025","195.54","195.54","195.54","195.54","","0.00%"
"10/17/2025","195.54","195.54","195.54","195.54","","0.00%"
"10/16/2025","195.54","195.54","195.54","195.54","","0.00%"
"10/15/2025","195.54","195.54","195.54","195.54","","0.73%"
"10/14/2025","194.13","194.13","194.13","194.13","","0.00%"
"10/13/2025","194.13","194.13","194.13","194.13","","0.00%"
"10/10/2025","194.13","194.13","194.13","194.13","","0.00%"
"10/09/2025","194.13","194.13","194.13","194.13","","1.94%"
"10/08/2025","190.43","190.43","190.43","190.43","","3.17%"
"10/07/2025","184.57","184.57","184.57","184.57","","0.00%"
"10/06/2025","184.57","184.57","184.57","184.57","","0.00%"
"10/03/2025","184.57","184.57","184.57","184.57","","2.54%"
"10/02/2025","180.00","180.00","180.00","180.00","","0.00%"
"10/01/2025","180.00","180.00","180.00","180.00","","3.45%"
"09/30/2025","174.00","174.00","174.00","174.00","","5.09%"
"09/29/2025","165.57","165.57","165.57","165.57","","0.00%"
"09/26/2025","165.57","165.57","165.57","165.57","","0.00%"
"09/25/2025","165.57","165.57","165.57","165.57","","0.00%"
"09/24/2025","165.57","165.57","165.57","165.57","","0.00%"
"09/23/2025","165.57","165.57","165.57","165.57","","0.83%"
"09/22/2025","164.20","164.20","164.20","164.20","","0.00%"
"09/19/2025","164.20","164.20","164.20","164.20","","0.00%"
"09/18/2025","164.20","164.20","164.20","164.20","","0.00%"
"09/17/2025","164.20","164.20","164.20","164.20","","0.00%"
"09/16/2025","164.20","164.20","164.20","164.20","","0.77%"
"09/15/2025","162.95","162.95","162.95","162.95","","0.84%"
"09/12/2025","161.59","161.59","161.59","161.59","","0.00%"
"09/11/2025","161.59","161.59","161.59","161.59","","0.00%"
"09/10/2025","161.59","161.59","161.59","161.59","","1.06%"
"09/09/2025","159.89","159.89","159.89","159.89","","0.00%"
"09/08/2025","159.89","159.89","159.89","159.89","","0.00%"
"09/05/2025","159.89","159.89","159.89","159.89","","0.00%"
"09/04/2025","159.89","159.89","159.89","159.89","","0.00%"
"09/03/2025","159.89","159.89","159.89","159.89","","0.00%"
"09/02/2025","159.89","159.89","159.89","159.89","","1.52%"
"09/01/2025","157.50","157.50","157.50","157.50","","1.94%"
"08/29/2025","154.50","154.50","154.50","154.50","","4.30%"
"08/28/2025","148.13","148.13","148.13","148.13","","0.34%"
"08/27/2025","147.63","147.63","147.63","147.63","","-0.16%"
"08/26/2025","147.86","147.86","147.86","147.86","","0.00%"
"08/22/2025","147.86","147.86","147.86","147.86","","0.00%"
"08/21/2025","147.86","147.86","147.86","147.86","","1.14%"
"08/20/2025","146.19","146.19","146.19","146.19","","0.00%"
"08/19/2025","146.19","146.19","146.19","146.19","","0.00%"
"08/18/2025","146.19","146.19","146.19","146.19","","0.82%"
"08/15/2025","145.00","145.00","145.00","145.00","","0.00%"
"08/14/2025","145.00","145.00","145.00","145.00","","0.00%"
"08/13/2025","145.00","145.00","145.00","145.00","","0.00%"
"08/12/2025","145.00","145.00","145.00","145.00","","0.00%"
"08/11/2025","145.00","145.00","145.00","145.00","","0.00%"
"08/08/2025","145.00","145.00","145.00","145.00","","0.00%"
"08/07/2025","145.00","145.00","145.00","145.00","","0.00%"
"08/06/2025","145.00","145.00","145.00","145.00","","0.00%"
"08/05/2025","145.00","145.00","145.00","145.00","","0.00%"
"08/04/2025","145.00","145.00","145.00","145.00","","0.00%"
"08/01/2025","145.00","145.00","145.00","145.00","","3.20%"
"07/31/2025","140.50","140.50","140.50","140.50","","2.26%"
"07/30/2025","137.39","137.39","137.39","137.39","","0.00%"
"07/29/2025","137.39","137.39","137.39","137.39","","0.00%"
"07/28/2025","137.39","137.39","137.39","137.39","","0.00%"
"07/25/2025","137.39","137.39","137.39","137.39","","0.00%"
"07/24/2025","137.39","137.39","137.39","137.39","","0.00%"
"07/23/2025","137.39","137.39","137.39","137.39","","1.69%"
"07/22/2025","135.11","135.11","135.11","135.11","","0.00%"
"07/21/2025","135.11","135.11","135.11","135.11","","0.00%"
"07/18/2025","135.11","135.11","135.11","135.11","","0.00%"
"07/17/2025","135.11","135.11","135.11","135.11","","0.00%"
"07/16/2025","135.11","135.11","135.11","135.11","","0.00%"
"07/15/2025","135.11","135.11","135.11","135.11","","0.00%"
"07/14/2025","135.11","135.11","135.11","135.11","","0.00%"
"07/11/2025","135.11","135.11","135.11","135.11","","-3.49%"
"07/10/2025","140.00","140.00","140.00","140.00","","0.00%"
"07/09/2025","140.00","140.00","140.00","140.00","","0.00%"
"07/08/2025","140.00","140.00","140.00","140.00","","0.00%"
"07/07/2025","140.00","140.00","140.00","140.00","","0.00%"
"07/04/2025","140.00","140.00","140.00","140.00","","0.00%"
"07/03/2025","140.00","140.00","140.00","140.00","","0.00%"
"07/02/2025","140.00","140.00","140.00","140.00","","0.00%"
"07/01/2025","140.00","140.00","140.00","140.00","","-0.36%"
"06/30/2025","140.50","140.50","140.50","140.50","","-3.97%"
"06/27/2025","146.31","146.31","146.31","146.31","","0.00%"
"06/26/2025","146.31","146.31","146.31","146.31","","0.00%"
"06/25/2025","146.31","146.31","146.31","146.31","","-0.33%"
"06/24/2025","146.79","146.79","146.79","146.79","","0.00%"
"06/23/2025","146.79","146.79","146.79","146.79","","0.00%"
"06/20/2025","146.79","146.79","146.79","146.79","","0.00%"
"06/19/2025","146.79","146.79","146.79","146.79","","-0.64%"
"06/18/2025","147.74","147.74","147.74","147.74","","0.00%"
"06/17/2025","147.74","147.74","147.74","147.74","","0.00%"
"06/16/2025","147.74","147.74","147.74","147.74","","0.00%"
"06/13/2025","147.74","147.74","147.74","147.74","","0.00%"
"06/12/2025","147.74","147.74","147.74","147.74","","-1.04%"
"06/11/2025","149.29","149.29","149.29","149.29","","-1.10%"
"06/10/2025","150.95","150.95","150.95","150.95","","0.00%"
"06/09/2025","150.95","150.95","150.95","150.95","","0.00%"
"06/06/2025","150.95","150.95","150.95","150.95","","0.00%"
"06/05/2025","150.95","150.95","150.95","150.95","","0.00%"
"06/04/2025","150.95","150.95","150.95","150.95","","-5.66%"
"06/03/2025","160.00","160.00","160.00","160.00","","0.00%"
"06/02/2025","160.00","160.00","160.00","160.00","","-1.23%"
"05/30/2025","162.00","162.00","162.00","162.00","","-4.99%"
"05/29/2025","170.50","170.50","170.50","170.50","","0.00%"
"05/28/2025","170.50","170.50","170.50","170.50","","-0.44%"
"05/27/2025","171.25","171.25","171.25","171.25","","0.18%"
"05/23/2025","170.95","170.95","170.95","170.95","","0.00%"
"05/22/2025","170.95","170.95","170.95","170.95","","0.00%"
"05/21/2025","170.95","170.95","170.95","170.95","","0.00%"
"05/20/2025","170.95","170.95","170.95","170.95","","0.00%"
"05/19/2025","170.95","170.95","170.95","170.95","","0.00%"
"05/16/2025","170.95","170.95","170.95","170.95","","0.00%"
"05/15/2025","170.95","170.95","170.95","170.95","","-3.24%"
"05/14/2025","176.67","176.67","176.67","176.67","","0.00%"
"05/13/2025","176.67","176.67","176.67","176.67","","-1.85%"
"05/12/2025","180.00","180.00","180.00","180.00","","0.00%"
"05/09/2025","180.00","180.00","180.00","180.00","","0.00%"
"05/08/2025","180.00","180.00","180.00","180.00","","0.00%"
"05/07/2025","180.00","180.00","180.00","180.00","","0.00%"
"05/06/2025","180.00","180.00","180.00","180.00","","0.00%"
"05/02/2025","180.00","180.00","180.00","180.00","","0.00%"
"05/01/2025","180.00","180.00","180.00","180.00","","-1.37%"
"04/30/2025","182.50","182.50","182.50","182.50","","-1.29%"
"04/29/2025","184.88","184.88","184.88","184.88","","0.00%"
"04/28/2025","184.88","184.88","184.88","184.88","","0.00%"
"04/25/2025","184.88","184.88","184.88","184.88","","0.00%"
"04/24/2025","184.88","184.88","184.88","184.88","","0.00%"
"04/23/2025","184.88","184.88","184.88","184.88","","-0.40%"
"04/22/2025","185.63","185.63","185.63","185.63","","0.03%"
"04/17/2025","185.57","185.57","185.57","185.57","","0.00%"
"04/16/2025","185.57","185.57","185.57","185.57","","0.00%"
"04/15/2025","185.57","185.57","185.57","185.57","","0.00%"
"04/14/2025","185.57","185.57","185.57","185.57","","0.00%"
"04/11/2025","185.57","185.57","185.57","185.57","","0.00%"
"04/10/2025","185.57","185.57","185.57","185.57","","0.00%"
"04/09/2025","185.57","185.57","185.57","185.57","","0.00%"
"04/08/2025","185.57","185.57","185.57","185.57","","-1.03%"
"04/07/2025","187.50","187.50","187.50","187.50","","0.00%"
"04/04/2025","187.50","187.50","187.50","187.50","","0.00%"
"04/03/2025","187.50","187.50","187.50","187.50","","0.00%"
"04/02/2025","187.50","187.50","187.50","187.50","","0.00%"
"04/01/2025","187.50","187.50","187.50","187.50","","-2.09%"
"03/31/2025","191.50","191.50","191.50","191.50","","-10.09%"
"03/28/2025","212.98","212.98","212.98","212.98","","0.00%"
"03/27/2025","212.98","212.98","212.98","212.98","","0.00%"
"03/26/2025","212.98","212.98","212.98","212.98","","0.00%"
"03/25/2025","212.98","212.98","212.98","212.98","","-0.28%"
"03/24/2025","213.57","213.57","213.57","213.57","","-1.97%"
"03/21/2025","217.86","217.86","217.86","217.86","","-1.13%"
"03/20/2025","220.36","220.36","220.36","220.36","","0.00%"
"03/19/2025","220.36","220.36","220.36","220.36","","0.00%"
"03/18/2025","220.36","220.36","220.36","220.36","","-1.59%"
"03/17/2025","223.93","223.93","223.93","223.93","","0.00%"
"03/14/2025","223.93","223.93","223.93","223.93","","-0.63%"
"03/13/2025","225.36","225.36","225.36","225.36","","0.00%"
"03/12/2025","225.36","225.36","225.36","225.36","","-0.73%"
"03/11/2025","227.02","227.02","227.02","227.02","","0.00%"
"03/10/2025","227.02","227.02","227.02","227.02","","-0.83%"
"03/07/2025","228.93","228.93","228.93","228.93","","-2.58%"
"03/06/2025","235.00","235.00","235.00","235.00","","0.00%"
"03/05/2025","235.00","235.00","235.00","235.00","","0.00%"
"03/04/2025","235.00","235.00","235.00","235.00","","0.00%"
"03/03/2025","235.00","235.00","235.00","235.00","","-1.67%"
"02/28/2025","239.00","239.00","239.00","239.00","","-8.74%"
"02/27/2025","261.88","261.88","261.88","261.88","","-0.19%"
"02/26/2025","262.38","262.38","262.38","262.38","","0.00%"
"02/25/2025","262.38","262.38","262.38","262.38","","-0.38%"
"02/24/2025","263.38","263.38","263.38","263.38","","0.00%"
"02/21/2025","263.38","263.38","263.38","263.38","","-0.57%"
"02/20/2025","264.88","264.88","264.88","264.88","","-0.33%"
"02/19/2025","265.75","265.75","265.75","265.75","","0.00%"
"02/18/2025","265.75","265.75","265.75","265.75","","-0.42%"
"02/17/2025","266.88","266.88","266.88","266.88","","-0.47%"
"02/14/2025","268.13","268.13","268.13","268.13","","0.00%"
"02/13/2025","268.13","268.13","268.13","268.13","","-2.19%"
"02/12/2025","274.13","274.13","274.13","274.13","","-1.75%"
"02/11/2025","279.00","279.00","279.00","279.00","","-1.24%"
"02/10/2025","282.50","282.50","282.50","282.50","","0.00%"
"02/07/2025","282.50","282.50","282.50","282.50","","0.00%"
"02/06/2025","282.50","282.50","282.50","282.50","","-4.32%"
"02/05/2025","295.25","295.25","295.25","295.25","","-0.76%"
"02/04/2025","297.50","297.50","297.50","297.50","","0.00%"
"02/03/2025","297.50","297.50","297.50","297.50","","-0.83%"
"01/31/2025","300.00","300.00","300.00","300.00","","-1.64%"
"01/30/2025","305.00","305.00","305.00","305.00","","0.00%"
"01/29/2025","305.00","305.00","305.00","305.00","","0.00%"
"01/28/2025","305.00","305.00","305.00","305.00","","0.00%"
"01/27/2025","305.00","305.00","305.00","305.00","","-0.37%"
"01/24/2025","306.14","306.14","306.14","306.14","","0.00%"
"01/23/2025","306.14","306.14","306.14","306.14","","0.00%"
"01/22/2025","306.14","306.14","306.14","306.14","","0.00%"
"01/21/2025","306.14","306.14","306.14","306.14","","0.00%"
"01/20/2025","306.14","306.14","306.14","306.14","","0.00%"
"01/17/2025","306.14","306.14","306.14","306.14","","0.00%"
"01/16/2025","306.14","306.14","306.14","306.14","","-0.44%"
"01/15/2025","307.50","307.50","307.50","307.50","","0.00%"
"01/14/2025","307.50","307.50","307.50","307.50","","0.00%"
"01/13/2025","307.50","307.50","307.50","307.50","","0.00%"
"01/10/2025","307.50","307.50","307.50","307.50","","0.00%"
"01/09/2025","307.50","307.50","307.50","307.50","","0.00%"
"01/08/2025","307.50","307.50","307.50","307.50","","0.00%"
"01/07/2025","307.50","307.50","307.50","307.50","","0.00%"
"01/06/2025","307.50","307.50","307.50","307.50","","0.00%"
"01/03/2025","307.50","307.50","307.50","307.50","","0.00%"
"01/02/2025","307.50","307.50","307.50","307.50","","0.00%"
"12/31/2024","307.50","307.50","307.50","307.50","","1.03%"
"12/30/2024","304.38","304.38","304.38","304.38","","0.00%"
"12/27/2024","304.38","304.38","304.38","304.38","","-0.09%"
"12/24/2024","304.66","304.66","304.66","304.66","","0.00%"
"12/23/2024","304.66","304.66","304.66","304.66","","0.00%"
"12/20/2024","304.66","304.66","304.66","304.66","","0.00%"
"12/19/2024","304.66","304.66","304.66","304.66","","0.00%"
"12/18/2024","304.66","304.66","304.66","304.66","","0.00%"
"12/17/2024","304.66","304.66","304.66","304.66","","0.00%"
"12/16/2024","304.66","304.66","304.66","304.66","","0.00%"
"12/13/2024","304.66","304.66","304.66","304.66","","0.98%"
"12/12/2024","301.70","301.70","301.70","301.70","","0.00%"
"12/11/2024","301.70","301.70","301.70","301.70","","0.57%"
"12/10/2024","300.00","300.00","300.00","300.00","","0.00%"
"12/09/2024","300.00","300.00","300.00","300.00","","0.00%"
"12/06/2024","300.00","300.00","300.00","300.00","","0.00%"
"12/05/2024","300.00","300.00","300.00","300.00","","0.00%"
"12/04/2024","300.00","300.00","300.00","300.00","","0.00%"
"12/03/2024","300.00","300.00","300.00","300.00","","7.14%"
"12/02/2024","280.00","280.00","280.00","280.00","","7.69%"
"11/29/2024","260.00","260.00","260.00","260.00","","-11.44%"
"11/28/2024","293.57","293.57","293.57","293.57","","0.08%"
"11/27/2024","293.33","293.33","293.33","293.33","","0.00%"
"11/26/2024","293.33","293.33","293.33","293.33","","0.00%"
"11/25/2024","293.33","293.33","293.33","293.33","","0.00%"
"11/22/2024","293.33","293.33","293.33","293.33","","0.24%"
"11/21/2024","292.62","292.62","292.62","292.62","","0.00%"
"11/20/2024","292.62","292.62","292.62","292.62","","0.00%"
"11/19/2024","292.62","292.62","292.62","292.62","","0.00%"
"11/18/2024","292.62","292.62","292.62","292.62","","0.00%"
"11/15/2024","292.62","292.62","292.62","292.62","","0.90%"
"11/14/2024","290.00","290.00","290.00","290.00","","0.00%"
"11/13/2024","290.00","290.00","290.00","290.00","","0.00%"
"11/12/2024","290.00","290.00","290.00","290.00","","0.00%"
"11/11/2024","290.00","290.00","290.00","290.00","","0.00%"
"11/08/2024","290.00","290.00","290.00","290.00","","0.00%"
"11/07/2024","290.00","290.00","290.00","290.00","","0.00%"
"11/06/2024","290.00","290.00","290.00","290.00","","0.00%"
"11/05/2024","290.00","290.00","290.00","290.00","","0.00%"
"11/04/2024","290.00","290.00","290.00","290.00","","0.00%"
"11/01/2024","290.00","290.00","290.00","290.00","","11.54%"
"10/31/2024","260.00","260.00","260.00","260.00","","-10.34%"
"10/30/2024","290.00","290.00","290.00","290.00","","0.00%"
"10/29/2024","290.00","290.00","290.00","290.00","","0.00%"
"10/28/2024","290.00","290.00","290.00","290.00","","0.00%"
"10/25/2024","290.00","290.00","290.00","290.00","","0.00%"
"10/24/2024","290.00","290.00","290.00","290.00","","0.00%"
"10/23/2024","290.00","290.00","290.00","290.00","","0.00%"
"10/22/2024","290.00","290.00","290.00","290.00","","0.00%"
"10/21/2024","290.00","290.00","290.00","290.00","","0.00%"
"10/18/2024","290.00","290.00","290.00","290.00","","0.00%"
"10/17/2024","290.00","290.00","290.00","290.00","","0.00%"
"10/16/2024","290.00","290.00","290.00","290.00","","0.00%"
"10/15/2024","290.00","290.00","290.00","290.00","","0.00%"
"10/14/2024","290.00","290.00","290.00","290.00","","0.00%"
"10/11/2024","290.00","290.00","290.00","290.00","","0.00%"
"10/10/2024","290.00","290.00","290.00","290.00","","0.00%"
"10/09/2024","290.00","290.00","290.00","290.00","","0.00%"
"10/08/2024","290.00","290.00","290.00","290.00","","0.00%"
"10/07/2024","290.00","290.00","290.00","290.00","","0.00%"
"10/04/2024","290.00","290.00","290.00","290.00","","0.00%"
"10/03/2024","290.00","290.00","290.00","290.00","","0.00%"
"10/02/2024","290.00","290.00","290.00","290.00","","6.23%"
"10/01/2024","273.00","273.00","273.00","273.00","","5.00%"
"09/30/2024","260.00","260.00","260.00","260.00","","-9.23%"
"09/27/2024","286.43","286.43","286.43","286.43","","0.00%"
"09/26/2024","286.43","286.43","286.43","286.43","","0.00%"
"09/25/2024","286.43","286.43","286.43","286.43","","0.00%"
"09/24/2024","286.43","286.43","286.43","286.43","","0.00%"
"09/23/2024","286.43","286.43","286.43","286.43","","0.00%"
"09/20/2024","286.43","286.43","286.43","286.43","","0.00%"
"09/19/2024","286.43","286.43","286.43","286.43","","0.00%"
"09/18/2024","286.43","286.43","286.43","286.43","","0.00%"
"09/17/2024","286.43","286.43","286.43","286.43","","0.84%"
"09/16/2024","284.05","284.05","284.05","284.05","","0.00%"
"09/13/2024","284.05","284.05","284.05","284.05","","0.00%"
"09/12/2024","284.05","284.05","284.05","284.05","","0.55%"
"09/11/2024","282.50","282.50","282.50","282.50","","0.00%"
"09/10/2024","282.50","282.50","282.50","282.50","","0.00%"
"09/09/2024","282.50","282.50","282.50","282.50","","0.00%"
"09/06/2024","282.50","282.50","282.50","282.50","","0.00%"
"09/05/2024","282.50","282.50","282.50","282.50","","0.00%"
"09/04/2024","282.50","282.50","282.50","282.50","","0.00%"
"09/03/2024","282.50","282.50","282.50","282.50","","0.00%"
"09/02/2024","282.50","282.50","282.50","282.50","","8.65%"
"08/30/2024","260.00","260.00","260.00","260.00","","-6.83%"
"08/29/2024","279.05","279.05","279.05","279.05","","0.00%"
"08/28/2024","279.05","279.05","279.05","279.05","","0.00%"
"08/27/2024","279.05","279.05","279.05","279.05","","-0.01%"
"08/23/2024","279.09","279.09","279.09","279.09","","0.00%"
"08/22/2024","279.09","279.09","279.09","279.09","","0.28%"
"08/21/2024","278.30","278.30","278.30","278.30","","0.00%"
"08/20/2024","278.30","278.30","278.30","278.30","","0.00%"
"08/19/2024","278.30","278.30","278.30","278.30","","0.00%"
"08/16/2024","278.30","278.30","278.30","278.30","","0.00%"
"08/15/2024","278.30","278.30","278.30","278.30","","0.00%"
"08/14/2024","278.30","278.30","278.30","278.30","","0.00%"
"08/13/2024","278.30","278.30","278.30","278.30","","-0.57%"
"08/12/2024","279.89","279.89","279.89","279.89","","0.00%"
"08/09/2024","279.89","279.89","279.89","279.89","","0.00%"
"08/08/2024","279.89","279.89","279.89","279.89","","0.00%"
"08/07/2024","279.89","279.89","279.89","279.89","","0.00%"
"08/06/2024","279.89","279.89","279.89","279.89","","0.00%"
"08/05/2024","279.89","279.89","279.89","279.89","","0.86%"
"08/02/2024","277.50","277.50","277.50","277.50","","0.00%"
"08/01/2024","277.50","277.50","277.50","277.50","","11.22%"
"07/31/2024","249.50","249.50","249.50","249.50","","-7.59%"
"07/30/2024","270.00","270.00","270.00","270.00","","0.00%"
"07/29/2024","270.00","270.00","270.00","270.00","","0.00%"
"07/26/2024","270.00","270.00","270.00","270.00","","0.00%"
"07/25/2024","270.00","270.00","270.00","270.00","","0.00%"
"07/24/2024","270.00","270.00","270.00","270.00","","0.00%"
"07/23/2024","270.00","270.00","270.00","270.00","","0.00%"
"07/22/2024","270.00","270.00","270.00","270.00","","0.00%"
"07/19/2024","270.00","270.00","270.00","270.00","","0.00%"
"07/18/2024","270.00","270.00","270.00","270.00","","0.00%"
"07/17/2024","270.00","270.00","270.00","270.00","","0.00%"
"07/16/2024","270.00","270.00","270.00","270.00","","0.00%"
"07/15/2024","270.00","270.00","270.00","270.00","","0.00%"
"07/12/2024","270.00","270.00","270.00","270.00","","0.00%"
"07/11/2024","270.00","270.00","270.00","270.00","","0.00%"
"07/10/2024","270.00","270.00","270.00","270.00","","0.00%"
"07/09/2024","270.00","270.00","270.00","270.00","","0.00%"
"07/08/2024","270.00","270.00","270.00","270.00","","0.00%"
"07/05/2024","270.00","270.00","270.00","270.00","","0.00%"
"07/04/2024","270.00","270.00","270.00","270.00","","0.00%"
"07/03/2024","270.00","270.00","270.00","270.00","","0.00%"
"07/02/2024","270.00","270.00","270.00","270.00","","0.00%"
"07/01/2024","270.00","270.00","270.00","270.00","","0.37%"
"06/28/2024","269.00","269.00","269.00","269.00","","2.18%"
"06/27/2024","263.25","263.25","263.25","263.25","","0.00%"
"06/26/2024","263.25","263.25","263.25","263.25","","0.00%"
"06/25/2024","263.25","263.25","263.25","263.25","","0.38%"
"06/24/2024","262.25","262.25","262.25","262.25","","0.00%"
"06/21/2024","262.25","262.25","262.25","262.25","","0.00%"
"06/20/2024","262.25","262.25","262.25","262.25","","0.00%"
"06/19/2024","262.25","262.25","262.25","262.25","","0.00%"
"06/18/2024","262.25","262.25","262.25","262.25","","0.87%"
"06/17/2024","260.00","260.00","260.00","260.00","","0.00%"
"06/14/2024","260.00","260.00","260.00","260.00","","0.00%"
"06/13/2024","260.00","260.00","260.00","260.00","","0.00%"
"06/12/2024","260.00","260.00","260.00","260.00","","0.00%"
"06/11/2024","260.00","260.00","260.00","260.00","","0.00%"
"06/10/2024","260.00","260.00","260.00","260.00","","0.00%"
"06/07/2024","260.00","260.00","260.00","260.00","","0.00%"
"06/06/2024","260.00","260.00","260.00","260.00","","0.00%"
"06/05/2024","260.00","260.00","260.00","260.00","","0.00%"
"06/04/2024","260.00","260.00","260.00","260.00","","0.00%"
"06/03/2024","260.00","260.00","260.00","260.00","","1.36%"
"05/31/2024","256.50","256.50","256.50","256.50","","4.24%"
"05/30/2024","246.07","246.07","246.07","246.07","","0.00%"
"05/29/2024","246.07","246.07","246.07","246.07","","0.15%"
"05/28/2024","245.71","245.71","245.71","245.71","","-0.17%"
"05/24/2024","246.14","246.14","246.14","246.14","","0.00%"
"05/23/2024","246.14","246.14","246.14","246.14","","0.33%"
"05/22/2024","245.34","245.34","245.34","245.34","","0.00%"
"05/21/2024","245.34","245.34","245.34","245.34","","0.00%"
"05/20/2024","245.34","245.34","245.34","245.34","","0.47%"
"05/17/2024","244.20","244.20","244.20","244.20","","0.00%"
"05/16/2024","244.20","244.20","244.20","244.20","","1.13%"
"05/15/2024","241.48","241.48","241.48","241.48","","0.00%"
"05/14/2024","241.48","241.48","241.48","241.48","","1.33%"
"05/13/2024","238.30","238.30","238.30","238.30","","0.00%"
"05/10/2024","238.30","238.30","238.30","238.30","","0.00%"
"05/09/2024","238.30","238.30","238.30","238.30","","0.00%"
"05/08/2024","238.30","238.30","238.30","238.30","","1.75%"
"05/07/2024","234.20","234.20","234.20","234.20","","1.87%"
"05/03/2024","229.89","229.89","229.89","229.89","","0.00%"
"05/02/2024","229.89","229.89","229.89","229.89","","1.05%"
"05/01/2024","227.50","227.50","227.50","227.50","","2.02%"
"04/30/2024","223.00","223.00","223.00","223.00","","2.81%"
"04/29/2024","216.90","216.90","216.90","216.90","","0.33%"
"04/26/2024","216.19","216.19","216.19","216.19","","0.00%"
"04/25/2024","216.19","216.19","216.19","216.19","","0.00%"
"04/24/2024","216.19","216.19","216.19","216.19","","0.00%"
"04/23/2024","216.19","216.19","216.19","216.19","","0.00%"
"04/22/2024","216.19","216.19","216.19","216.19","","0.00%"
"04/19/2024","216.19","216.19","216.19","216.19","","0.00%"
"04/18/2024","216.19","216.19","216.19","216.19","","0.00%"
"04/17/2024","216.19","216.19","216.19","216.19","","0.00%"
"04/16/2024","216.19","216.19","216.19","216.19","","0.00%"
"04/15/2024","216.19","216.19","216.19","216.19","","1.34%"
"04/12/2024","213.33","213.33","213.33","213.33","","0.00%"
"04/11/2024","213.33","213.33","213.33","213.33","","0.00%"
"04/10/2024","213.33","213.33","213.33","213.33","","0.00%"
"04/09/2024","213.33","213.33","213.33","213.33","","1.82%"
"04/08/2024","209.52","209.52","209.52","209.52","","0.00%"
"04/05/2024","209.52","209.52","209.52","209.52","","1.03%"
"04/04/2024","207.38","207.38","207.38","207.38","","0.00%"
"04/03/2024","207.38","207.38","207.38","207.38","","1.16%"
"04/02/2024","205.00","205.00","205.00","205.00","","1.23%"
"03/28/2024","202.50","202.50","202.50","202.50","","4.25%"
"03/27/2024","194.25","194.25","194.25","194.25","","0.00%"
"03/26/2024","194.25","194.25","194.25","194.25","","0.00%"
"03/25/2024","194.25","194.25","194.25","194.25","","0.26%"
"03/22/2024","193.75","193.75","193.75","193.75","","0.00%"
"03/21/2024","193.75","193.75","193.75","193.75","","0.39%"
"03/20/2024","193.00","193.00","193.00","193.00","","0.00%"
"03/19/2024","193.00","193.00","193.00","193.00","","0.00%"
"03/18/2024","193.00","193.00","193.00","193.00","","0.58%"
"03/15/2024","191.88","191.88","191.88","191.88","","0.00%"
"03/14/2024","191.88","191.88","191.88","191.88","","0.72%"
"03/13/2024","190.50","190.50","190.50","190.50","","0.79%"
"03/12/2024","189.00","189.00","189.00","189.00","","0.00%"
"03/11/2024","189.00","189.00","189.00","189.00","","0.93%"
"03/08/2024","187.25","187.25","187.25","187.25","","0.00%"
"03/07/2024","187.25","187.25","187.25","187.25","","0.00%"
"03/06/2024","187.25","187.25","187.25","187.25","","0.00%"
"03/05/2024","187.25","187.25","187.25","187.25","","1.22%"
"03/04/2024","185.00","185.00","185.00","185.00","","0.00%"
"03/01/2024","185.00","185.00","185.00","185.00","","1.09%"
"02/29/2024","183.00","183.00","183.00","183.00","","3.10%"
"02/28/2024","177.50","177.50","177.50","177.50","","0.00%"
"02/27/2024","177.50","177.50","177.50","177.50","","0.20%"
"02/26/2024","177.14","177.14","177.14","177.14","","0.54%"
"02/23/2024","176.19","176.19","176.19","176.19","","0.00%"
"02/22/2024","176.19","176.19","176.19","176.19","","0.00%"
"02/21/2024","176.19","176.19","176.19","176.19","","0.00%"
"02/20/2024","176.19","176.19","176.19","176.19","","0.00%"
"02/19/2024","176.19","176.19","176.19","176.19","","0.00%"
"02/16/2024","176.19","176.19","176.19","176.19","","0.68%"
"02/15/2024","175.00","175.00","175.00","175.00","","0.00%"
"02/14/2024","175.00","175.00","175.00","175.00","","0.00%"
"02/13/2024","175.00","175.00","175.00","175.00","","0.00%"
"02/12/2024","175.00","175.00","175.00","175.00","","0.00%"
"02/09/2024","175.00","175.00","175.00","175.00","","0.00%"
"02/08/2024","175.00","175.00","175.00","175.00","","0.00%"
"02/07/2024","175.00","175.00","175.00","175.00","","0.00%"
"02/06/2024","175.00","175.00","175.00","175.00","","0.00%"
"02/05/2024","175.00","175.00","175.00","175.00","","0.00%"
"02/02/2024","175.00","175.00","175.00","175.00","","0.00%"
"02/01/2024","175.00","175.00","175.00","175.00","","0.57%"
"01/31/2024","174.00","174.00","174.00","174.00","","6.33%"
"01/30/2024","163.64","163.64","163.64","163.64","","0.00%"
"01/29/2024","163.64","163.64","163.64","163.64","","0.21%"
"01/26/2024","163.30","163.30","163.30","163.30","","0.00%"
"01/25/2024","163.30","163.30","163.30","163.30","","0.00%"
"01/24/2024","163.30","163.30","163.30","163.30","","0.00%"
"01/23/2024","163.30","163.30","163.30","163.30","","0.00%"
"01/22/2024","163.30","163.30","163.30","163.30","","0.00%"
"01/19/2024","163.30","163.30","163.30","163.30","","0.63%"
"01/18/2024","162.27","162.27","162.27","162.27","","0.00%"
"01/17/2024","162.27","162.27","162.27","162.27","","0.00%"
"01/16/2024","162.27","162.27","162.27","162.27","","4.39%"
"01/15/2024","155.45","155.45","155.45","155.45","","0.00%"
"01/12/2024","155.45","155.45","155.45","155.45","","1.03%"
"01/11/2024","153.86","153.86","153.86","153.86","","0.00%"
"01/10/2024","153.86","153.86","153.86","153.86","","0.00%"
"01/09/2024","153.86","153.86","153.86","153.86","","1.27%"
"01/08/2024","151.93","151.93","151.93","151.93","","0.00%"
"01/05/2024","151.93","151.93","151.93","151.93","","1.44%"
"01/04/2024","149.77","149.77","149.77","149.77","","0.00%"
"01/03/2024","149.77","149.77","149.77","149.77","","3.29%"
"01/02/2024","145.00","145.00","145.00","145.00","","2.47%"
"12/29/2023","141.50","141.50","141.50","141.50","","6.99%"
"12/28/2023","132.26","132.26","132.26","132.26","","0.18%"
"12/27/2023","132.02","132.02","132.02","132.02","","0.00%"
"12/22/2023","132.02","132.02","132.02","132.02","","0.00%"
"12/21/2023","132.02","132.02","132.02","132.02","","0.63%"
"12/20/2023","131.19","131.19","131.19","131.19","","0.73%"
"12/19/2023","130.24","130.24","130.24","130.24","","0.00%"
"12/18/2023","130.24","130.24","130.24","130.24","","0.00%"
"12/15/2023","130.24","130.24","130.24","130.24","","4.19%"
"12/14/2023","125.00","125.00","125.00","125.00","","0.00%"
"12/13/2023","125.00","125.00","125.00","125.00","","0.00%"
"12/12/2023","125.00","125.00","125.00","125.00","","0.00%"
"12/11/2023","125.00","125.00","125.00","125.00","","0.00%"
"12/08/2023","125.00","125.00","125.00","125.00","","0.00%"
"12/07/2023","125.00","125.00","125.00","125.00","","0.00%"
"12/06/2023","125.00","125.00","125.00","125.00","","0.00%"
"12/05/2023","125.00","125.00","125.00","125.00","","0.00%"
"12/04/2023","125.00","125.00","125.00","125.00","","0.00%"
"12/01/2023","125.00","125.00","125.00","125.00","","0.00%"
"11/30/2023","125.00","125.00","125.00","125.00","","-4.68%"
"11/29/2023","131.14","131.14","131.14","131.14","","0.00%"
"11/28/2023","131.14","131.14","131.14","131.14","","0.00%"
"11/27/2023","131.14","131.14","131.14","131.14","","0.00%"
"11/24/2023","131.14","131.14","131.14","131.14","","0.00%"
"11/23/2023","131.14","131.14","131.14","131.14","","0.00%"
"11/22/2023","131.14","131.14","131.14","131.14","","0.00%"
"11/21/2023","131.14","131.14","131.14","131.14","","0.00%"
"11/20/2023","131.14","131.14","131.14","131.14","","0.00%"
"11/17/2023","131.14","131.14","131.14","131.14","","0.00%"
"11/16/2023","131.14","131.14","131.14","131.14","","0.00%"
"11/15/2023","131.14","131.14","131.14","131.14","","0.00%"
"11/14/2023","131.14","131.14","131.14","131.14","","-4.31%"
"11/13/2023","137.05","137.05","137.05","137.05","","0.00%"
"11/10/2023","137.05","137.05","137.05","137.05","","0.00%"
"11/09/2023","137.05","137.05","137.05","137.05","","0.00%"
"11/08/2023","137.05","137.05","137.05","137.05","","0.00%"
"11/07/2023","137.05","137.05","137.05","137.05","","0.00%"
"11/06/2023","137.05","137.05","137.05","137.05","","-3.05%"
"11/03/2023","141.36","141.36","141.36","141.36","","-8.80%"
"11/02/2023","155.00","155.00","155.00","155.00","","0.00%"
"11/01/2023","155.00","155.00","155.00","155.00","","0.00%"
"10/31/2023","155.00","155.00","155.00","155.00","","-5.54%"
"10/30/2023","164.09","164.09","164.09","164.09","","0.00%"
"10/27/2023","164.09","164.09","164.09","164.09","","0.00%"
"10/26/2023","164.09","164.09","164.09","164.09","","0.00%"
"10/25/2023","164.09","164.09","164.09","164.09","","-1.36%"
"10/24/2023","166.36","166.36","166.36","166.36","","0.00%"
"10/23/2023","166.36","166.36","166.36","166.36","","0.00%"
"10/20/2023","166.36","166.36","166.36","166.36","","0.00%"
"10/19/2023","166.36","166.36","166.36","166.36","","0.00%"
"10/18/2023","166.36","166.36","166.36","166.36","","0.00%"
"10/17/2023","166.36","166.36","166.36","166.36","","0.00%"
"10/16/2023","166.36","166.36","166.36","166.36","","0.00%"
"10/13/2023","166.36","166.36","166.36","166.36","","0.00%"
"10/12/2023","166.36","166.36","166.36","166.36","","0.00%"
"10/11/2023","166.36","166.36","166.36","166.36","","0.00%"
"10/10/2023","166.36","166.36","166.36","166.36","","-2.14%"
"10/09/2023","170.00","170.00","170.00","170.00","","0.00%"
"10/06/2023","170.00","170.00","170.00","170.00","","0.00%"
"10/05/2023","170.00","170.00","170.00","170.00","","0.00%"
"10/04/2023","170.00","170.00","170.00","170.00","","0.00%"
"10/03/2023","170.00","170.00","170.00","170.00","","0.00%"
"10/02/2023","170.00","170.00","170.00","170.00","","-3.41%"
"09/29/2023","176.00","176.00","176.00","176.00","","-8.06%"
"09/28/2023","191.43","191.43","191.43","191.43","","-0.49%"
"09/27/2023","192.38","192.38","192.38","192.38","","0.00%"
"09/26/2023","192.38","192.38","192.38","192.38","","0.00%"
"09/25/2023","192.38","192.38","192.38","192.38","","0.00%"
"09/22/2023","192.38","192.38","192.38","192.38","","0.00%"
"09/21/2023","192.38","192.38","192.38","192.38","","-0.86%"
"09/20/2023","194.05","194.05","194.05","194.05","","0.00%"
"09/19/2023","194.05","194.05","194.05","194.05","","-1.09%"
"09/18/2023","196.19","196.19","196.19","196.19","","0.00%"
"09/15/2023","196.19","196.19","196.19","196.19","","0.00%"
"09/14/2023","196.19","196.19","196.19","196.19","","-3.80%"
"09/13/2023","203.93","203.93","203.93","203.93","","0.00%"
"09/12/2023","203.93","203.93","203.93","203.93","","-1.72%"
"09/11/2023","207.50","207.50","207.50","207.50","","0.00%"
"09/08/2023","207.50","207.50","207.50","207.50","","0.00%"
"09/07/2023","207.50","207.50","207.50","207.50","","0.00%"
"09/06/2023","207.50","207.50","207.50","207.50","","0.00%"
"09/05/2023","207.50","207.50","207.50","207.50","","0.00%"
"09/04/2023","207.50","207.50","207.50","207.50","","0.00%"
"09/01/2023","207.50","207.50","207.50","207.50","","-1.19%"
"08/31/2023","210.00","210.00","210.00","210.00","","-2.02%"
"08/30/2023","214.32","214.32","214.32","214.32","","0.00%"
"08/29/2023","214.32","214.32","214.32","214.32","","0.09%"
"08/25/2023","214.13","214.13","214.13","214.13","","0.00%"
"08/24/2023","214.13","214.13","214.13","214.13","","0.00%"
"08/23/2023","214.13","214.13","214.13","214.13","","0.00%"
"08/22/2023","214.13","214.13","214.13","214.13","","0.00%"
"08/21/2023","214.13","214.13","214.13","214.13","","-0.91%"
"08/18/2023","216.09","216.09","216.09","216.09","","0.00%"
"08/17/2023","216.09","216.09","216.09","216.09","","0.00%"
"08/16/2023","216.09","216.09","216.09","216.09","","0.00%"
"08/15/2023","216.09","216.09","216.09","216.09","","0.00%"
"08/14/2023","216.09","216.09","216.09","216.09","","0.00%"
"08/11/2023","216.09","216.09","216.09","216.09","","0.00%"
"08/10/2023","216.09","216.09","216.09","216.09","","0.00%"
"08/09/2023","216.09","216.09","216.09","216.09","","0.00%"
"08/08/2023","216.09","216.09","216.09","216.09","","-1.78%"
"08/07/2023","220.00","220.00","220.00","220.00","","0.00%"
"08/04/2023","220.00","220.00","220.00","220.00","","0.00%"
"08/03/2023","220.00","220.00","220.00","220.00","","0.00%"
"08/02/2023","220.00","220.00","220.00","220.00","","0.00%"
"08/01/2023","220.00","220.00","220.00","220.00","","0.00%"
"07/31/2023","220.00","220.00","220.00","220.00","","-2.94%"
"07/28/2023","226.67","226.67","226.67","226.67","","0.00%"
"07/27/2023","226.67","226.67","226.67","226.67","","0.00%"
"07/26/2023","226.67","226.67","226.67","226.67","","0.00%"
"07/25/2023","226.67","226.67","226.67","226.67","","0.00%"
"07/24/2023","226.67","226.67","226.67","226.67","","-0.63%"
"07/21/2023","228.10","228.10","228.10","228.10","","0.00%"
"07/20/2023","228.10","228.10","228.10","228.10","","-0.83%"
"07/19/2023","230.00","230.00","230.00","230.00","","0.00%"
"07/18/2023","230.00","230.00","230.00","230.00","","0.00%"
"07/17/2023","230.00","230.00","230.00","230.00","","0.00%"
"07/14/2023","230.00","230.00","230.00","230.00","","0.00%"
"07/13/2023","230.00","230.00","230.00","230.00","","0.00%"
"07/12/2023","230.00","230.00","230.00","230.00","","0.00%"
"07/11/2023","230.00","230.00","230.00","230.00","","0.00%"
"07/10/2023","230.00","230.00","230.00","230.00","","0.00%"
"07/07/2023","230.00","230.00","230.00","230.00","","0.00%"
"07/06/2023","230.00","230.00","230.00","230.00","","0.00%"
"07/05/2023","230.00","230.00","230.00","230.00","","0.00%"
"07/04/2023","230.00","230.00","230.00","230.00","","0.00%"
"07/03/2023","230.00","230.00","230.00","230.00","","-0.65%"
"06/30/2023","231.50","231.50","231.50","231.50","","-3.06%"
"06/29/2023","238.81","238.81","238.81","238.81","","0.03%"
"06/28/2023","238.75","238.75","238.75","238.75","","0.00%"
"06/27/2023","238.75","238.75","238.75","238.75","","0.00%"
"06/26/2023","238.75","238.75","238.75","238.75","","-0.24%"
"06/23/2023","239.32","239.32","239.32","239.32","","0.00%"
"06/22/2023","239.32","239.32","239.32","239.32","","-0.66%"
"06/21/2023","240.91","240.91","240.91","240.91","","0.00%"
"06/20/2023","240.91","240.91","240.91","240.91","","0.00%"
"06/19/2023","240.91","240.91","240.91","240.91","","0.00%"
"06/16/2023","240.91","240.91","240.91","240.91","","0.00%"
"06/15/2023","240.91","240.91","240.91","240.91","","0.00%"
"06/14/2023","240.91","240.91","240.91","240.91","","0.00%"
"06/13/2023","240.91","240.91","240.91","240.91","","0.00%"
"06/12/2023","240.91","240.91","240.91","240.91","","0.00%"
"06/09/2023","240.91","240.91","240.91","240.91","","0.00%"
"06/08/2023","240.91","240.91","240.91","240.91","","0.00%"
"06/07/2023","240.91","240.91","240.91","240.91","","-1.67%"
"06/06/2023","245.00","245.00","245.00","245.00","","0.00%"
"06/05/2023","245.00","245.00","245.00","245.00","","0.00%"
"06/02/2023","245.00","245.00","245.00","245.00","","0.00%"
"06/01/2023","245.00","245.00","245.00","245.00","","0.00%"
"05/31/2023","245.00","245.00","245.00","245.00","","0.00%"
"05/30/2023","245.00","245.00","245.00","245.00","","0.00%"
"05/26/2023","245.00","245.00","245.00","245.00","","0.00%"
"05/25/2023","245.00","245.00","245.00","245.00","","0.00%"
"05/24/2023","245.00","245.00","245.00","245.00","","0.00%"
"05/23/2023","245.00","245.00","245.00","245.00","","0.00%"
"05/22/2023","245.00","245.00","245.00","245.00","","0.00%"
"05/19/2023","245.00","245.00","245.00","245.00","","0.00%"
"05/18/2023","245.00","245.00","245.00","245.00","","0.00%"
"05/17/2023","245.00","245.00","245.00","245.00","","0.00%"
"05/16/2023","245.00","245.00","245.00","245.00","","0.00%"
"05/15/2023","245.00","245.00","245.00","245.00","","0.00%"
"05/12/2023","245.00","245.00","245.00","245.00","","0.00%"
"05/11/2023","245.00","245.00","245.00","245.00","","0.00%"
"05/10/2023","245.00","245.00","245.00","245.00","","0.00%"
"05/09/2023","245.00","245.00","245.00","245.00","","0.00%"
"05/05/2023","245.00","245.00","245.00","245.00","","0.00%"
"05/04/2023","245.00","245.00","245.00","245.00","","0.00%"
"05/03/2023","245.00","245.00","245.00","245.00","","0.00%"
"05/02/2023","245.00","245.00","245.00","245.00","","0.40%"
"04/28/2023","244.03","244.03","244.03","244.03","","0.00%"
"04/27/2023","244.03","244.03","244.03","244.03","","0.00%"
"04/26/2023","244.03","244.03","244.03","244.03","","0.00%"
"04/25/2023","244.03","244.03","244.03","244.03","","0.00%"
"04/24/2023","244.03","244.03","244.03","244.03","","0.00%"
"04/21/2023","244.03","244.03","244.03","244.03","","0.00%"
"04/20/2023","244.03","244.03","244.03","244.03","","0.00%"
"04/19/2023","244.03","244.03","244.03","244.03","","0.00%"
"04/18/2023","244.03","244.03","244.03","244.03","","0.00%"
"04/17/2023","244.03","244.03","244.03","244.03","","0.00%"
"04/14/2023","244.03","244.03","244.03","244.03","","0.00%"
"04/13/2023","244.03","244.03","244.03","244.03","","0.00%"
"04/12/2023","244.03","244.03","244.03","244.03","","0.00%"
"04/11/2023","244.03","244.03","244.03","244.03","","-0.04%"
"04/06/2023","244.13","244.13","244.13","244.13","","1.77%"
"04/05/2023","239.88","239.88","239.88","239.88","","1.00%"
"04/04/2023","237.50","237.50","237.50","237.50","","0.00%"
"04/03/2023","237.50","237.50","237.50","237.50","","3.55%"
"03/31/2023","229.35","229.35","229.35","229.35","","0.00%"
"03/30/2023","229.35","229.35","229.35","229.35","","0.00%"
"03/29/2023","229.35","229.35","229.35","229.35","","0.00%"
"03/28/2023","229.35","229.35","229.35","229.35","","0.00%"
"03/27/2023","229.35","229.35","229.35","229.35","","0.00%"
"03/24/2023","229.35","229.35","229.35","229.35","","0.28%"
"03/23/2023","228.70","228.70","228.70","228.70","","0.00%"
"03/22/2023","228.70","228.70","228.70","228.70","","0.00%"
"03/21/2023","228.70","228.70","228.70","228.70","","0.43%"
"03/20/2023","227.72","227.72","227.72","227.72","","0.00%"
"03/17/2023","227.72","227.72","227.72","227.72","","0.00%"
"03/16/2023","227.72","227.72","227.72","227.72","","0.58%"
"03/15/2023","226.41","226.41","226.41","226.41","","0.00%"
"03/14/2023","226.41","226.41","226.41","226.41","","0.00%"
"03/13/2023","226.41","226.41","226.41","226.41","","0.00%"
"03/10/2023","226.41","226.41","226.41","226.41","","1.56%"
"03/09/2023","222.93","222.93","222.93","222.93","","0.00%"
"03/08/2023","222.93","222.93","222.93","222.93","","1.79%"
"03/07/2023","219.02","219.02","219.02","219.02","","0.00%"
"03/06/2023","219.02","219.02","219.02","219.02","","3.07%"
"03/03/2023","212.50","212.50","212.50","212.50","","0.00%"
"03/02/2023","212.50","212.50","212.50","212.50","","0.00%"
"03/01/2023","212.50","212.50","212.50","212.50","","-1.45%"
"02/28/2023","215.63","215.63","215.63","215.63","","0.00%"
"02/27/2023","215.63","215.63","215.63","215.63","","0.00%"
"02/24/2023","215.63","215.63","215.63","215.63","","0.00%"
"02/23/2023","215.63","215.63","215.63","215.63","","-0.46%"
"02/22/2023","216.63","216.63","216.63","216.63","","0.00%"
"02/21/2023","216.63","216.63","216.63","216.63","","0.00%"
"02/20/2023","216.63","216.63","216.63","216.63","","0.00%"
"02/17/2023","216.63","216.63","216.63","216.63","","0.00%"
"02/16/2023","216.63","216.63","216.63","216.63","","0.00%"
"02/15/2023","216.63","216.63","216.63","216.63","","0.00%"
"02/14/2023","216.63","216.63","216.63","216.63","","0.00%"
"02/13/2023","216.63","216.63","216.63","216.63","","0.00%"
"02/10/2023","216.63","216.63","216.63","216.63","","0.76%"
"02/09/2023","215.00","215.00","215.00","215.00","","0.00%"
"02/08/2023","215.00","215.00","215.00","215.00","","0.00%"
"02/07/2023","215.00","215.00","215.00","215.00","","0.00%"
"02/06/2023","215.00","215.00","215.00","215.00","","0.00%"
"02/03/2023","215.00","215.00","215.00","215.00","","0.00%"
"02/02/2023","215.00","215.00","215.00","215.00","","0.00%"
"02/01/2023","215.00","215.00","215.00","215.00","","1.92%"
"01/31/2023","210.95","210.95","210.95","210.95","","0.00%"
"01/30/2023","210.95","210.95","210.95","210.95","","0.00%"
"01/27/2023","210.95","210.95","210.95","210.95","","0.00%"
"01/26/2023","210.95","210.95","210.95","210.95","","0.00%"
"01/25/2023","210.95","210.95","210.95","210.95","","0.00%"
"01/24/2023","210.95","210.95","210.95","210.95","","0.00%"
"01/23/2023","210.95","210.95","210.95","210.95","","0.00%"
"01/20/2023","210.95","210.95","210.95","210.95","","0.00%"
"01/19/2023","210.95","210.95","210.95","210.95","","0.51%"
"01/18/2023","209.88","209.88","209.88","209.88","","0.00%"
"01/17/2023","209.88","209.88","209.88","209.88","","0.63%"
"01/16/2023","208.57","208.57","208.57","208.57","","0.00%"
"01/13/2023","208.57","208.57","208.57","208.57","","0.00%"
"01/12/2023","208.57","208.57","208.57","208.57","","0.00%"
"01/11/2023","208.57","208.57","208.57","208.57","","1.74%"
"01/10/2023","205.00","205.00","205.00","205.00","","0.00%"
"01/09/2023","205.00","205.00","205.00","205.00","","0.00%"
"01/06/2023","205.00","205.00","205.00","205.00","","0.00%"
"01/05/2023","205.00","205.00","205.00","205.00","","0.00%"
"01/04/2023","205.00","205.00","205.00","205.00","","0.00%"
"01/03/2023","205.00","205.00","205.00","205.00","","1.86%"
"12/30/2022","201.25","201.25","201.25","201.25","","-0.17%"
"12/29/2022","201.59","201.59","201.59","201.59","","0.00%"
"12/28/2022","201.59","201.59","201.59","201.59","","0.00%"
"12/23/2022","201.59","201.59","201.59","201.59","","0.00%"
"12/22/2022","201.59","201.59","201.59","201.59","","0.00%"
"12/21/2022","201.59","201.59","201.59","201.59","","0.91%"
"12/20/2022","199.77","199.77","199.77","199.77","","0.00%"
"12/19/2022","199.77","199.77","199.77","199.77","","0.00%"
"12/16/2022","199.77","199.77","199.77","199.77","","0.00%"
"12/15/2022","199.77","199.77","199.77","199.77","","0.00%"
"12/14/2022","199.77","199.77","199.77","199.77","","0.00%"
"12/13/2022","199.77","199.77","199.77","199.77","","0.00%"
"12/12/2022","199.77","199.77","199.77","199.77","","0.00%"
"12/09/2022","199.77","199.77","199.77","199.77","","0.00%"
"12/08/2022","199.77","199.77","199.77","199.77","","0.00%"
"12/07/2022","199.77","199.77","199.77","199.77","","0.00%"
"12/06/2022","199.77","199.77","199.77","199.77","","0.00%"
"12/05/2022","199.77","199.77","199.77","199.77","","0.00%"
"12/02/2022","199.77","199.77","199.77","199.77","","2.45%"
"12/01/2022","195.00","195.00","195.00","195.00","","-1.94%"
"11/30/2022","198.86","198.86","198.86","198.86","","0.00%"
"11/29/2022","198.86","198.86","198.86","198.86","","0.00%"
"11/28/2022","198.86","198.86","198.86","198.86","","0.00%"
"11/25/2022","198.86","198.86","198.86","198.86","","0.00%"
"11/24/2022","198.86","198.86","198.86","198.86","","0.00%"
"11/23/2022","198.86","198.86","198.86","198.86","","0.00%"
"11/22/2022","198.86","198.86","198.86","198.86","","0.00%"
"11/21/2022","198.86","198.86","198.86","198.86","","0.00%"
"11/18/2022","198.86","198.86","198.86","198.86","","0.00%"
"11/17/2022","198.86","198.86","198.86","198.86","","0.00%"
"11/16/2022","198.86","198.86","198.86","198.86","","-1.24%"
"11/15/2022","201.36","201.36","201.36","201.36","","0.00%"
"11/14/2022","201.36","201.36","201.36","201.36","","0.00%"
"11/11/2022","201.36","201.36","201.36","201.36","","0.00%"
"11/10/2022","201.36","201.36","201.36","201.36","","0.00%"
"11/09/2022","201.36","201.36","201.36","201.36","","0.00%"
"11/08/2022","201.36","201.36","201.36","201.36","","0.00%"
"11/07/2022","201.36","201.36","201.36","201.36","","0.00%"
"11/04/2022","201.36","201.36","201.36","201.36","","-4.11%"
"11/03/2022","210.00","210.00","210.00","210.00","","0.00%"
"11/02/2022","210.00","210.00","210.00","210.00","","0.00%"
"11/01/2022","210.00","210.00","210.00","210.00","","-10.37%"
"10/31/2022","234.29","234.29","234.29","234.29","","0.00%"
"10/28/2022","234.29","234.29","234.29","234.29","","-0.40%"
"10/27/2022","235.24","235.24","235.24","235.24","","0.00%"
"10/26/2022","235.24","235.24","235.24","235.24","","0.00%"
"10/25/2022","235.24","235.24","235.24","235.24","","0.00%"
"10/24/2022","235.24","235.24","235.24","235.24","","0.00%"
"10/21/2022","235.24","235.24","235.24","235.24","","-1.40%"
"10/20/2022","238.57","238.57","238.57","238.57","","-1.57%"
"10/19/2022","242.38","242.38","242.38","242.38","","0.00%"
"10/18/2022","242.38","242.38","242.38","242.38","","0.00%"
"10/17/2022","242.38","242.38","242.38","242.38","","0.00%"
"10/14/2022","242.38","242.38","242.38","242.38","","0.00%"
"10/13/2022","242.38","242.38","242.38","242.38","","0.00%"
"10/12/2022","242.38","242.38","242.38","242.38","","0.00%"
"10/11/2022","242.38","242.38","242.38","242.38","","0.00%"
"10/10/2022","242.38","242.38","242.38","242.38","","0.00%"
"10/07/2022","242.38","242.38","242.38","242.38","","-4.01%"
"10/06/2022","252.50","252.50","252.50","252.50","","0.00%"
"10/05/2022","252.50","252.50","252.50","252.50","","0.00%"
"10/04/2022","252.50","252.50","252.50","252.50","","0.00%"
"10/03/2022","252.50","252.50","252.50","252.50","","-25.91%"
"09/30/2022","340.80","340.80","340.80","340.80","","-0.56%"
"09/29/2022","342.73","342.73","342.73","342.73","","0.00%"
"09/28/2022","342.73","342.73","342.73","342.73","","0.00%"
"09/27/2022","342.73","342.73","342.73","342.73","","0.00%"
"09/26/2022","342.73","342.73","342.73","342.73","","0.00%"
"09/23/2022","342.73","342.73","342.73","342.73","","-2.33%"
"09/22/2022","350.91","350.91","350.91","350.91","","-0.90%"
"09/21/2022","354.09","354.09","354.09","354.09","","0.00%"
"09/20/2022","354.09","354.09","354.09","354.09","","0.00%"
"09/19/2022","354.09","354.09","354.09","354.09","","0.00%"
"09/16/2022","354.09","354.09","354.09","354.09","","-1.39%"
"09/15/2022","359.09","359.09","359.09","359.09","","-3.66%"
"09/14/2022","372.73","372.73","372.73","372.73","","0.00%"
"09/13/2022","372.73","372.73","372.73","372.73","","0.00%"
"09/12/2022","372.73","372.73","372.73","372.73","","0.00%"
"09/09/2022","372.73","372.73","372.73","372.73","","-1.91%"
"09/07/2022","380.00","380.00","380.00","380.00","","0.00%"
"09/06/2022","380.00","380.00","380.00","380.00","","0.00%"
"09/05/2022","380.00","380.00","380.00","380.00","","0.00%"
"09/02/2022","380.00","380.00","380.00","380.00","","0.00%"
"09/01/2022","380.00","380.00","380.00","380.00","","-12.35%"
"08/31/2022","433.52","433.52","433.52","433.52","","0.00%"
"08/30/2022","433.52","433.52","433.52","433.52","","0.00%"
"08/26/2022","433.52","433.52","433.52","433.52","","-0.16%"
"08/25/2022","434.20","434.20","434.20","434.20","","-0.83%"
"08/24/2022","437.84","437.84","437.84","437.84","","0.00%"
"08/23/2022","437.84","437.84","437.84","437.84","","0.00%"
"08/22/2022","437.84","437.84","437.84","437.84","","0.00%"
"08/19/2022","437.84","437.84","437.84","437.84","","-0.82%"
"08/18/2022","441.48","441.48","441.48","441.48","","0.00%"
"08/17/2022","441.48","441.48","441.48","441.48","","0.00%"
"08/16/2022","441.48","441.48","441.48","441.48","","-0.56%"
"08/15/2022","443.98","443.98","443.98","443.98","","0.00%"
"08/12/2022","443.98","443.98","443.98","443.98","","-0.99%"
"08/11/2022","448.41","448.41","448.41","448.41","","0.00%"
"08/10/2022","448.41","448.41","448.41","448.41","","0.00%"
"08/09/2022","448.41","448.41","448.41","448.41","","0.00%"
"08/08/2022","448.41","448.41","448.41","448.41","","0.00%"
"08/05/2022","448.41","448.41","448.41","448.41","","0.00%"
"08/04/2022","448.41","448.41","448.41","448.41","","0.00%"
"08/03/2022","448.41","448.41","448.41","448.41","","-1.99%"
"08/02/2022","457.50","457.50","457.50","457.50","","0.00%"
"08/01/2022","457.50","457.50","457.50","457.50","","-3.90%"
"07/29/2022","476.07","476.07","476.07","476.07","","-0.10%"
"07/28/2022","476.55","476.55","476.55","476.55","","0.00%"
"07/27/2022","476.55","476.55","476.55","476.55","","0.00%"
"07/26/2022","476.55","476.55","476.55","476.55","","0.00%"
"07/25/2022","476.55","476.55","476.55","476.55","","0.00%"
"07/22/2022","476.55","476.55","476.55","476.55","","0.00%"
"07/21/2022","476.55","476.55","476.55","476.55","","-0.35%"
"07/20/2022","478.21","478.21","478.21","478.21","","0.00%"
"07/19/2022","478.21","478.21","478.21","478.21","","0.00%"
"07/18/2022","478.21","478.21","478.21","478.21","","0.00%"
"07/15/2022","478.21","478.21","478.21","478.21","","0.00%"
"07/14/2022","478.21","478.21","478.21","478.21","","0.00%"
"07/13/2022","478.21","478.21","478.21","478.21","","0.00%"
"07/12/2022","478.21","478.21","478.21","478.21","","-1.38%"
"07/11/2022","484.88","484.88","484.88","484.88","","0.00%"
"07/08/2022","484.88","484.88","484.88","484.88","","-1.55%"
"07/07/2022","492.50","492.50","492.50","492.50","","0.00%"
"07/06/2022","492.50","492.50","492.50","492.50","","0.00%"
"07/05/2022","492.50","492.50","492.50","492.50","","0.00%"
"07/04/2022","492.50","492.50","492.50","492.50","","0.00%"
"07/01/2022","492.50","492.50","492.50","492.50","","-1.75%"
"06/30/2022","501.25","501.25","501.25","501.25","","0.00%"
"06/29/2022","501.25","501.25","501.25","501.25","","-0.05%"
"06/28/2022","501.50","501.50","501.50","501.50","","0.00%"
"06/27/2022","501.50","501.50","501.50","501.50","","0.00%"
"06/24/2022","501.50","501.50","501.50","501.50","","0.00%"
"06/23/2022","501.50","501.50","501.50","501.50","","0.00%"
"06/22/2022","501.50","501.50","501.50","501.50","","0.00%"
"06/21/2022","501.50","501.50","501.50","501.50","","0.00%"
"06/20/2022","501.50","501.50","501.50","501.50","","0.00%"
"06/17/2022","501.50","501.50","501.50","501.50","","0.00%"
"06/16/2022","501.50","501.50","501.50","501.50","","0.00%"
"06/15/2022","501.50","501.50","501.50","501.50","","0.00%"
"06/14/2022","501.50","501.50","501.50","501.50","","0.00%"
"06/13/2022","501.50","501.50","501.50","501.50","","-0.69%"
"06/10/2022","505.00","505.00","505.00","505.00","","0.00%"
"06/09/2022","505.00","505.00","505.00","505.00","","0.00%"
"06/08/2022","505.00","505.00","505.00","505.00","","0.00%"
"06/07/2022","505.00","505.00","505.00","505.00","","0.00%"
"06/06/2022","505.00","505.00","505.00","505.00","","0.00%"
"06/01/2022","505.00","505.00","505.00","505.00","","0.00%"
"05/31/2022","505.00","505.00","505.00","505.00","","0.00%"
"05/30/2022","505.00","505.00","505.00","505.00","","0.00%"
"05/27/2022","505.00","505.00","505.00","505.00","","0.00%"
"05/26/2022","505.00","505.00","505.00","505.00","","0.00%"
"05/25/2022","505.00","505.00","505.00","505.00","","0.00%"
"05/24/2022","505.00","505.00","505.00","505.00","","0.00%"
"05/23/2022","505.00","505.00","505.00","505.00","","0.00%"
"05/20/2022","505.00","505.00","505.00","505.00","","0.00%"
"05/19/2022","505.00","505.00","505.00","505.00","","0.00%"
"05/18/2022","505.00","505.00","505.00","505.00","","0.00%"
"05/17/2022","505.00","505.00","505.00","505.00","","0.00%"
"05/16/2022","505.00","505.00","505.00","505.00","","0.00%"
"05/13/2022","505.00","505.00","505.00","505.00","","0.00%"
"05/12/2022","505.00","505.00","505.00","505.00","","0.00%"
"05/11/2022","505.00","505.00","505.00","505.00","","0.00%"
"05/10/2022","505.00","505.00","505.00","505.00","","0.00%"
"05/09/2022","505.00","505.00","505.00","505.00","","0.00%"
"05/06/2022","505.00","505.00","505.00","505.00","","0.00%"
"05/05/2022","505.00","505.00","505.00","505.00","","0.00%"
"05/04/2022","505.00","505.00","505.00","505.00","","0.00%"
"05/03/2022","505.00","505.00","505.00","505.00","","5.44%"
"04/29/2022","478.95","478.95","478.95","478.95","","0.11%"
"04/28/2022","478.42","478.42","478.42","478.42","","0.11%"
"04/27/2022","477.89","477.89","477.89","477.89","","0.00%"
"04/26/2022","477.89","477.89","477.89","477.89","","0.00%"
"04/25/2022","477.89","477.89","477.89","477.89","","0.00%"
"04/22/2022","477.89","477.89","477.89","477.89","","0.33%"
"04/21/2022","476.32","476.32","476.32","476.32","","0.00%"
"04/20/2022","476.32","476.32","476.32","476.32","","0.00%"
"04/19/2022","476.32","476.32","476.32","476.32","","0.00%"
"04/14/2022","476.32","476.32","476.32","476.32","","0.56%"
"04/13/2022","473.68","473.68","473.68","473.68","","0.00%"
"04/12/2022","473.68","473.68","473.68","473.68","","1.35%"
"04/11/2022","467.37","467.37","467.37","467.37","","0.00%"
"04/08/2022","467.37","467.37","467.37","467.37","","0.00%"
"04/07/2022","467.37","467.37","467.37","467.37","","1.72%"
"04/06/2022","459.47","459.47","459.47","459.47","","0.00%"
"04/05/2022","459.47","459.47","459.47","459.47","","0.98%"
"04/04/2022","455.00","455.00","455.00","455.00","","1.56%"
"04/01/2022","448.00","448.00","448.00","448.00","","5.76%"
"03/31/2022","423.59","423.59","423.59","423.59","","0.00%"
"03/30/2022","423.59","423.59","423.59","423.59","","0.00%"
"03/29/2022","423.59","423.59","423.59","423.59","","0.16%"
"03/28/2022","422.93","422.93","422.93","422.93","","0.00%"
"03/25/2022","422.93","422.93","422.93","422.93","","0.64%"
"03/24/2022","420.22","420.22","420.22","420.22","","0.00%"
"03/23/2022","420.22","420.22","420.22","420.22","","0.00%"
"03/22/2022","420.22","420.22","420.22","420.22","","0.62%"
"03/21/2022","417.61","417.61","417.61","417.61","","0.00%"
"03/18/2022","417.61","417.61","417.61","417.61","","0.00%"
"03/17/2022","417.61","417.61","417.61","417.61","","0.00%"
"03/16/2022","417.61","417.61","417.61","417.61","","0.00%"
"03/15/2022","417.61","417.61","417.61","417.61","","0.68%"
"03/14/2022","414.78","414.78","414.78","414.78","","0.00%"
"03/11/2022","414.78","414.78","414.78","414.78","","0.79%"
"03/10/2022","411.52","411.52","411.52","411.52","","0.85%"
"03/09/2022","408.04","408.04","408.04","408.04","","1.38%"
"03/08/2022","402.50","402.50","402.50","402.50","","0.37%"
"03/07/2022","401.00","401.00","401.00","401.00","","0.56%"
"03/04/2022","398.75","398.75","398.75","398.75","","0.95%"
"03/03/2022","395.00","395.00","395.00","395.00","","0.00%"
"03/02/2022","395.00","395.00","395.00","395.00","","0.00%"
"03/01/2022","395.00","395.00","395.00","395.00","","5.40%"
"02/28/2022","374.75","374.75","374.75","374.75","","0.13%"
"02/25/2022","374.25","374.25","374.25","374.25","","0.00%"
"02/24/2022","374.25","374.25","374.25","374.25","","0.20%"
"02/23/2022","373.50","373.50","373.50","373.50","","0.00%"
"02/22/2022","373.50","373.50","373.50","373.50","","0.00%"
"02/21/2022","373.50","373.50","373.50","373.50","","0.00%"
"02/18/2022","373.50","373.50","373.50","373.50","","0.00%"
"02/17/2022","373.50","373.50","373.50","373.50","","1.08%"
"02/16/2022","369.50","369.50","369.50","369.50","","0.00%"
"02/15/2022","369.50","369.50","369.50","369.50","","0.00%"
"02/14/2022","369.50","369.50","369.50","369.50","","0.00%"
"02/11/2022","369.50","369.50","369.50","369.50","","0.00%"
"02/10/2022","369.50","369.50","369.50","369.50","","0.00%"
"02/09/2022","369.50","369.50","369.50","369.50","","0.00%"
"02/08/2022","369.50","369.50","369.50","369.50","","0.00%"
"02/07/2022","369.50","369.50","369.50","369.50","","0.00%"
"02/04/2022","369.50","369.50","369.50","369.50","","0.00%"
"02/03/2022","369.50","369.50","369.50","369.50","","1.23%"
"02/02/2022","365.00","365.00","365.00","365.00","","0.00%"
"02/01/2022","365.00","365.00","365.00","365.00","","5.83%"
"01/31/2022","344.88","344.88","344.88","344.88","","0.00%"
"01/28/2022","344.88","344.88","344.88","344.88","","0.00%"
"01/27/2022","344.88","344.88","344.88","344.88","","0.00%"
"01/26/2022","344.88","344.88","344.88","344.88","","0.00%"
"01/25/2022","344.88","344.88","344.88","344.88","","0.00%"
"01/24/2022","344.88","344.88","344.88","344.88","","0.00%"
"01/21/2022","344.88","344.88","344.88","344.88","","0.51%"
"01/20/2022","343.13","343.13","343.13","343.13","","0.00%"
"01/19/2022","343.13","343.13","343.13","343.13","","0.00%"
"01/18/2022","343.13","343.13","343.13","343.13","","0.73%"
"01/17/2022","340.63","340.63","340.63","340.63","","0.00%"
"01/14/2022","340.63","340.63","340.63","340.63","","2.25%"
"01/13/2022","333.13","333.13","333.13","333.13","","2.50%"
"01/12/2022","325.00","325.00","325.00","325.00","","0.00%"
"01/11/2022","325.00","325.00","325.00","325.00","","4.84%"
"01/10/2022","310.00","310.00","310.00","310.00","","0.00%"
"01/07/2022","310.00","310.00","310.00","310.00","","0.00%"
"01/06/2022","310.00","310.00","310.00","310.00","","0.00%"
"01/05/2022","310.00","310.00","310.00","310.00","","3.33%"
"01/04/2022","300.00","300.00","300.00","300.00","","16.13%"
"12/31/2021","258.34","258.34","258.34","258.34","","0.19%"
"12/30/2021","257.86","257.86","257.86","257.86","","0.00%"
"12/29/2021","257.86","257.86","257.86","257.86","","0.00%"
"12/24/2021","257.86","257.86","257.86","257.86","","1.50%"
"12/23/2021","254.05","254.05","254.05","254.05","","0.00%"
"12/22/2021","254.05","254.05","254.05","254.05","","0.57%"
"12/21/2021","252.62","252.62","252.62","252.62","","0.67%"
"12/20/2021","250.95","250.95","250.95","250.95","","0.00%"
"12/17/2021","250.95","250.95","250.95","250.95","","0.86%"
"12/16/2021","248.81","248.81","248.81","248.81","","0.00%"
"12/15/2021","248.81","248.81","248.81","248.81","","0.53%"
"12/14/2021","247.50","247.50","247.50","247.50","","1.17%"
"12/13/2021","244.64","244.64","244.64","244.64","","0.00%"
"12/10/2021","244.64","244.64","244.64","244.64","","1.38%"
"12/09/2021","241.31","241.31","241.31","241.31","","0.00%"
"12/08/2021","241.31","241.31","241.31","241.31","","1.60%"
"12/07/2021","237.50","237.50","237.50","237.50","","0.00%"
"12/06/2021","237.50","237.50","237.50","237.50","","0.00%"
"12/03/2021","237.50","237.50","237.50","237.50","","0.00%"
"12/02/2021","237.50","237.50","237.50","237.50","","0.00%"
"12/01/2021","237.50","237.50","237.50","237.50","","-1.37%"
"11/30/2021","240.80","240.80","240.80","240.80","","0.00%"
"11/29/2021","240.80","240.80","240.80","240.80","","0.00%"
"11/26/2021","240.80","240.80","240.80","240.80","","0.00%"
"11/25/2021","240.80","240.80","240.80","240.80","","0.00%"
"11/24/2021","240.80","240.80","240.80","240.80","","0.00%"
"11/23/2021","240.80","240.80","240.80","240.80","","0.00%"
"11/22/2021","240.80","240.80","240.80","240.80","","0.00%"
"11/19/2021","240.80","240.80","240.80","240.80","","-0.75%"
"11/18/2021","242.61","242.61","242.61","242.61","","0.00%"
"11/17/2021","242.61","242.61","242.61","242.61","","0.00%"
"11/16/2021","242.61","242.61","242.61","242.61","","0.00%"
"11/15/2021","242.61","242.61","242.61","242.61","","0.00%"
"11/12/2021","242.61","242.61","242.61","242.61","","0.00%"
"11/11/2021","242.61","242.61","242.61","242.61","","0.00%"
"11/10/2021","242.61","242.61","242.61","242.61","","0.00%"
"11/09/2021","242.61","242.61","242.61","242.61","","0.00%"
"11/08/2021","242.61","242.61","242.61","242.61","","0.00%"
"11/05/2021","242.61","242.61","242.61","242.61","","0.00%"
"11/04/2021","242.61","242.61","242.61","242.61","","0.00%"
"11/03/2021","242.61","242.61","242.61","242.61","","0.00%"
"11/02/2021","242.61","242.61","242.61","242.61","","-0.98%"
"11/01/2021","245.00","245.00","245.00","245.00","","-13.57%"
"10/29/2021","283.46","283.46","283.46","283.46","","0.00%"
"10/28/2021","283.45","283.45","283.45","283.45","","0.00%"
"10/27/2021","283.45","283.45","283.45","283.45","","-0.50%"
"10/26/2021","284.88","284.88","284.88","284.88","","0.00%"
"10/25/2021","284.88","284.88","284.88","284.88","","0.00%"
"10/22/2021","284.88","284.88","284.88","284.88","","-0.50%"
"10/21/2021","286.31","286.31","286.31","286.31","","-3.64%"
"10/20/2021","297.14","297.14","297.14","297.14","","-0.32%"
"10/19/2021","298.10","298.10","298.10","298.10","","-0.71%"
"10/18/2021","300.24","300.24","300.24","300.24","","0.00%"
"10/15/2021","300.24","300.24","300.24","300.24","","0.00%"
"10/14/2021","300.24","300.24","300.24","300.24","","0.00%"
"10/13/2021","300.24","300.24","300.24","300.24","","0.00%"
"10/12/2021","300.24","300.24","300.24","300.24","","0.00%"
"10/11/2021","300.24","300.24","300.24","300.24","","0.00%"
"10/08/2021","300.24","300.24","300.24","300.24","","0.00%"
"10/07/2021","300.24","300.24","300.24","300.24","","0.00%"
"10/06/2021","300.24","300.24","300.24","300.24","","0.00%"
"10/05/2021","300.24","300.24","300.24","300.24","","-0.75%"
"10/04/2021","302.50","302.50","302.50","302.50","","0.00%"
"10/01/2021","302.50","302.50","302.50","302.50","","-0.78%"
"09/30/2021","304.89","304.89","304.89","304.89","","-0.04%"
"09/29/2021","305.00","305.00","305.00","305.00","","0.00%"
"09/28/2021","305.00","305.00","305.00","305.00","","0.00%"
"09/27/2021","305.00","305.00","305.00","305.00","","0.00%"
"09/24/2021","305.00","305.00","305.00","305.00","","0.00%"
"09/23/2021","305.00","305.00","305.00","305.00","","0.00%"
"09/22/2021","305.00","305.00","305.00","305.00","","0.00%"
"09/21/2021","305.00","305.00","305.00","305.00","","0.00%"
"09/20/2021","305.00","305.00","305.00","305.00","","0.00%"
"09/17/2021","305.00","305.00","305.00","305.00","","0.00%"
"09/16/2021","305.00","305.00","305.00","305.00","","0.00%"
"09/15/2021","305.00","305.00","305.00","305.00","","0.00%"
"09/14/2021","305.00","305.00","305.00","305.00","","0.00%"
"09/13/2021","305.00","305.00","305.00","305.00","","0.00%"
"09/10/2021","305.00","305.00","305.00","305.00","","0.00%"
"09/09/2021","305.00","305.00","305.00","305.00","","0.00%"
"09/08/2021","305.00","305.00","305.00","305.00","","-1.32%"
"09/07/2021","309.09","309.09","309.09","309.09","","1.34%"
"09/06/2021","305.00","305.00","305.00","305.00","","0.00%"
"09/03/2021","305.00","305.00","305.00","305.00","","0.00%"
"09/02/2021","305.00","305.00","305.00","305.00","","0.00%"
"09/01/2021","305.00","305.00","305.00","305.00","","2.36%"
"08/31/2021","297.98","297.98","297.98","297.98","","0.08%"
"08/27/2021","297.74","297.74","297.74","297.74","","0.00%"
"08/26/2021","297.74","297.74","297.74","297.74","","0.00%"
"08/25/2021","297.74","297.74","297.74","297.74","","0.16%"
"08/24/2021","297.26","297.26","297.26","297.26","","0.00%"
"08/23/2021","297.26","297.26","297.26","297.26","","0.00%"
"08/20/2021","297.26","297.26","297.26","297.26","","0.00%"
"08/19/2021","297.26","297.26","297.26","297.26","","0.00%"
"08/18/2021","297.26","297.26","297.26","297.26","","0.00%"
"08/17/2021","297.26","297.26","297.26","297.26","","0.00%"
"08/16/2021","297.26","297.26","297.26","297.26","","0.00%"
"08/13/2021","297.26","297.26","297.26","297.26","","0.00%"
"08/12/2021","297.26","297.26","297.26","297.26","","0.00%"
"08/11/2021","297.26","297.26","297.26","297.26","","0.00%"
"08/10/2021","297.26","297.26","297.26","297.26","","0.00%"
"08/09/2021","297.26","297.26","297.26","297.26","","0.00%"
"08/06/2021","297.26","297.26","297.26","297.26","","0.00%"
"08/05/2021","297.26","297.26","297.26","297.26","","0.00%"
"08/04/2021","297.26","297.26","297.26","297.26","","0.77%"
"08/03/2021","295.00","295.00","295.00","295.00","","0.00%"
"08/02/2021","295.00","295.00","295.00","295.00","","9.17%"
"07/30/2021","270.23","270.23","270.23","270.23","","0.25%"
"07/29/2021","269.55","269.55","269.55","269.55","","0.54%"
"07/28/2021","268.10","268.10","268.10","268.10","","0.00%"
"07/27/2021","268.10","268.10","268.10","268.10","","0.00%"
"07/26/2021","268.10","268.10","268.10","268.10","","0.00%"
"07/23/2021","268.10","268.10","268.10","268.10","","0.22%"
"07/22/2021","267.50","267.50","267.50","267.50","","0.27%"
"07/21/2021","266.79","266.79","266.79","266.79","","0.00%"
"07/20/2021","266.79","266.79","266.79","266.79","","0.00%"
"07/19/2021","266.79","266.79","266.79","266.79","","0.00%"
"07/16/2021","266.79","266.79","266.79","266.79","","0.45%"
"07/15/2021","265.60","265.60","265.60","265.60","","0.00%"
"07/14/2021","265.60","265.60","265.60","265.60","","1.64%"
"07/13/2021","261.31","261.31","261.31","261.31","","0.00%"
"07/12/2021","261.31","261.31","261.31","261.31","","0.64%"
"07/09/2021","259.64","259.64","259.64","259.64","","0.69%"
"07/08/2021","257.86","257.86","257.86","257.86","","6.88%"
"07/07/2021","241.25","241.25","241.25","241.25","","6.63%"
"07/06/2021","226.25","226.25","226.25","226.25","","7.10%"
"07/05/2021","211.25","211.25","211.25","211.25","","7.64%"
"07/02/2021","196.25","196.25","196.25","196.25","","8.28%"
"07/01/2021","181.25","181.25","181.25","181.25","","-13.17%"
"06/30/2021","208.73","208.73","208.73","208.73","","0.11%"
"06/29/2021","208.50","208.50","208.50","208.50","","0.24%"
"06/28/2021","208.00","208.00","208.00","208.00","","0.48%"
"06/25/2021","207.00","207.00","207.00","207.00","","0.00%"
"06/24/2021","207.00","207.00","207.00","207.00","","0.98%"
"06/23/2021","205.00","205.00","205.00","205.00","","0.00%"
"06/22/2021","205.00","205.00","205.00","205.00","","0.00%"
"06/21/2021","205.00","205.00","205.00","205.00","","0.00%"
"06/18/2021","205.00","205.00","205.00","205.00","","0.00%"
"06/17/2021","205.00","205.00","205.00","205.00","","0.00%"
"06/16/2021","205.00","205.00","205.00","205.00","","0.99%"
"06/15/2021","203.00","203.00","203.00","203.00","","0.00%"
"06/14/2021","203.00","203.00","203.00","203.00","","0.00%"
"06/11/2021","203.00","203.00","203.00","203.00","","0.50%"
"06/10/2021","202.00","202.00","202.00","202.00","","0.00%"
"06/09/2021","202.00","202.00","202.00","202.00","","0.00%"
"06/08/2021","202.00","202.00","202.00","202.00","","0.00%"
"06/07/2021","202.00","202.00","202.00","202.00","","0.00%"
"06/04/2021","202.00","202.00","202.00","202.00","","3.59%"
"06/03/2021","195.00","195.00","195.00","195.00","","4.84%"
"06/02/2021","186.00","186.00","186.00","186.00","","4.49%"
"06/01/2021","178.00","178.00","178.00","178.00","","-8.90%"
"05/28/2021","195.39","195.39","195.39","195.39","","0.20%"
"05/27/2021","195.00","195.00","195.00","195.00","","0.00%"
"05/26/2021","195.00","195.00","195.00","195.00","","0.00%"
"05/25/2021","195.00","195.00","195.00","195.00","","0.00%"
"05/24/2021","195.00","195.00","195.00","195.00","","0.00%"
"05/21/2021","195.00","195.00","195.00","195.00","","0.00%"
"05/20/2021","195.00","195.00","195.00","195.00","","0.00%"
"05/19/2021","195.00","195.00","195.00","195.00","","0.00%"
"05/18/2021","195.00","195.00","195.00","195.00","","0.00%"
"05/17/2021","195.00","195.00","195.00","195.00","","0.00%"
"05/14/2021","195.00","195.00","195.00","195.00","","0.00%"
"05/13/2021","195.00","195.00","195.00","195.00","","0.00%"
"05/12/2021","195.00","195.00","195.00","195.00","","0.00%"
"05/11/2021","195.00","195.00","195.00","195.00","","0.00%"
"05/10/2021","195.00","195.00","195.00","195.00","","0.00%"
"05/07/2021","195.00","195.00","195.00","195.00","","2.63%"
"05/06/2021","190.00","190.00","190.00","190.00","","2.70%"
"05/05/2021","185.00","185.00","185.00","185.00","","3.93%"
"05/04/2021","178.00","178.00","178.00","178.00","","-7.11%"
"04/30/2021","191.63","191.63","191.63","191.63","","0.33%"
"04/29/2021","191.00","191.00","191.00","191.00","","0.00%"
"04/28/2021","191.00","191.00","191.00","191.00","","0.00%"
"04/27/2021","191.00","191.00","191.00","191.00","","0.00%"
"04/26/2021","191.00","191.00","191.00","191.00","","0.00%"
"04/23/2021","191.00","191.00","191.00","191.00","","0.00%"
"04/22/2021","191.00","191.00","191.00","191.00","","0.53%"
"04/21/2021","190.00","190.00","190.00","190.00","","0.00%"
"04/20/2021","190.00","190.00","190.00","190.00","","0.00%"
"04/19/2021","190.00","190.00","190.00","190.00","","0.53%"
"04/16/2021","189.00","189.00","189.00","189.00","","0.00%"
"04/15/2021","189.00","189.00","189.00","189.00","","0.00%"
"04/14/2021","189.00","189.00","189.00","189.00","","0.53%"
"04/13/2021","188.00","188.00","188.00","188.00","","0.00%"
"04/12/2021","188.00","188.00","188.00","188.00","","1.62%"
"04/09/2021","185.00","185.00","185.00","185.00","","0.00%"
"04/08/2021","185.00","185.00","185.00","185.00","","2.78%"
"04/07/2021","180.00","180.00","180.00","180.00","","2.86%"
"04/06/2021","175.00","175.00","175.00","175.00","","2.94%"
"04/01/2021","170.00","170.00","170.00","170.00","","10.48%"
"03/31/2021","153.87","153.87","153.87","153.87","","0.24%"
"03/30/2021","153.50","153.50","153.50","153.50","","0.33%"
"03/29/2021","153.00","153.00","153.00","153.00","","0.00%"
"03/26/2021","153.00","153.00","153.00","153.00","","1.32%"
"03/25/2021","151.00","151.00","151.00","151.00","","0.00%"
"03/24/2021","151.00","151.00","151.00","151.00","","0.00%"
"03/23/2021","151.00","151.00","151.00","151.00","","1.34%"
"03/22/2021","149.00","149.00","149.00","149.00","","0.00%"
"03/19/2021","149.00","149.00","149.00","149.00","","2.76%"
"03/18/2021","145.00","145.00","145.00","145.00","","0.00%"
"03/17/2021","145.00","145.00","145.00","145.00","","2.11%"
"03/16/2021","142.00","142.00","142.00","142.00","","0.00%"
"03/15/2021","142.00","142.00","142.00","142.00","","0.00%"
"03/12/2021","142.00","142.00","142.00","142.00","","0.00%"
"03/11/2021","142.00","142.00","142.00","142.00","","1.07%"
"03/10/2021","140.50","140.50","140.50","140.50","","0.00%"
"03/09/2021","140.50","140.50","140.50","140.50","","4.07%"
"03/08/2021","135.00","135.00","135.00","135.00","","0.75%"
"03/05/2021","134.00","134.00","134.00","134.00","","0.75%"
"03/04/2021","133.00","133.00","133.00","133.00","","0.00%"
"03/03/2021","133.00","133.00","133.00","133.00","","0.76%"
"03/02/2021","132.00","132.00","132.00","132.00","","-0.38%"
"03/01/2021","132.50","132.50","132.50","132.50","","9.75%"
"02/26/2021","120.73","120.73","120.73","120.73","","0.61%"
"02/25/2021","120.00","120.00","120.00","120.00","","0.00%"
"02/24/2021","120.00","120.00","120.00","120.00","","0.42%"
"02/23/2021","119.50","119.50","119.50","119.50","","0.00%"
"02/22/2021","119.50","119.50","119.50","119.50","","0.00%"
"02/19/2021","119.50","119.50","119.50","119.50","","0.84%"
"02/18/2021","118.50","118.50","118.50","118.50","","0.00%"
"02/17/2021","118.50","118.50","118.50","118.50","","0.00%"
"02/16/2021","118.50","118.50","118.50","118.50","","0.00%"
"02/15/2021","118.50","118.50","118.50","118.50","","0.00%"
"02/12/2021","118.50","118.50","118.50","118.50","","1.28%"
"02/11/2021","117.00","117.00","117.00","117.00","","0.00%"
"02/10/2021","117.00","117.00","117.00","117.00","","0.00%"
"02/09/2021","117.00","117.00","117.00","117.00","","0.00%"
"02/08/2021","117.00","117.00","117.00","117.00","","0.00%"
"02/05/2021","117.00","117.00","117.00","117.00","","0.00%"
"02/04/2021","117.00","117.00","117.00","117.00","","0.00%"
"02/03/2021","117.00","117.00","117.00","117.00","","0.00%"
"02/02/2021","117.00","117.00","117.00","117.00","","0.86%"
"02/01/2021","116.00","116.00","116.00","116.00","","1.28%"
"01/29/2021","114.53","114.53","114.53","114.53","","0.03%"
"01/28/2021","114.50","114.50","114.50","114.50","","0.00%"
"01/27/2021","114.50","114.50","114.50","114.50","","0.00%"
"01/26/2021","114.50","114.50","114.50","114.50","","0.00%"
"01/25/2021","114.50","114.50","114.50","114.50","","0.88%"
"01/22/2021","113.50","113.50","113.50","113.50","","0.00%"
"01/21/2021","113.50","113.50","113.50","113.50","","0.89%"
"01/20/2021","112.50","112.50","112.50","112.50","","0.00%"
"01/19/2021","112.50","112.50","112.50","112.50","","0.00%"
"01/18/2021","112.50","112.50","112.50","112.50","","0.00%"
"01/15/2021","112.50","112.50","112.50","112.50","","0.00%"
"01/14/2021","112.50","112.50","112.50","112.50","","0.00%"
"01/13/2021","112.50","112.50","112.50","112.50","","0.00%"
"01/12/2021","112.50","112.50","112.50","112.50","","0.00%"
"01/11/2021","112.50","112.50","112.50","112.50","","0.00%"
"01/08/2021","112.50","112.50","112.50","112.50","","0.00%"
"01/07/2021","112.50","112.50","112.50","112.50","","0.00%"
"01/06/2021","112.50","112.50","112.50","112.50","","0.45%"
"01/05/2021","112.00","112.00","112.00","112.00","","0.00%"
"01/04/2021","112.00","112.00","112.00","112.00","","4.53%"
"12/31/2020","107.15","107.15","107.15","107.15","","0.14%"
"12/30/2020","107.00","107.00","107.00","107.00","","0.00%"
"12/29/2020","107.00","107.00","107.00","107.00","","0.94%"
"12/24/2020","106.00","106.00","106.00","106.00","","0.00%"
"12/23/2020","106.00","106.00","106.00","106.00","","0.00%"
"12/22/2020","106.00","106.00","106.00","106.00","","0.00%"
"12/21/2020","106.00","106.00","106.00","106.00","","0.00%"
"12/18/2020","106.00","106.00","106.00","106.00","","0.00%"
"12/17/2020","106.00","106.00","106.00","106.00","","0.00%"
"12/16/2020","106.00","106.00","106.00","106.00","","0.00%"
"12/15/2020","106.00","106.00","106.00","106.00","","0.00%"
"12/14/2020","106.00","106.00","106.00","106.00","","1.92%"
"12/11/2020","104.00","104.00","104.00","104.00","","1.22%"
"12/10/2020","102.75","102.75","102.75","102.75","","0.00%"
"12/09/2020","102.75","102.75","102.75","102.75","","0.00%"
"12/08/2020","102.75","102.75","102.75","102.75","","0.00%"
"12/07/2020","102.75","102.75","102.75","102.75","","0.00%"
"12/04/2020","102.75","102.75","102.75","102.75","","0.00%"
"12/03/2020","102.75","102.75","102.75","102.75","","0.00%"
"12/02/2020","102.75","102.75","102.75","102.75","","0.00%"
"12/01/2020","102.75","102.75","102.75","102.75","","4.74%"
"11/30/2020","98.10","98.10","98.10","98.10","","0.10%"
"11/27/2020","98.00","98.00","98.00","98.00","","0.00%"
"11/26/2020","98.00","98.00","98.00","98.00","","0.00%"
"11/25/2020","98.00","98.00","98.00","98.00","","0.00%"
"11/24/2020","98.00","98.00","98.00","98.00","","0.00%"
"11/23/2020","98.00","98.00","98.00","98.00","","0.00%"
"11/20/2020","98.00","98.00","98.00","98.00","","0.00%"
"11/19/2020","98.00","98.00","98.00","98.00","","0.00%"
"11/18/2020","98.00","98.00","98.00","98.00","","0.00%"
"11/17/2020","98.00","98.00","98.00","98.00","","0.00%"
"11/16/2020","98.00","98.00","98.00","98.00","","0.00%"
"11/13/2020","98.00","98.00","98.00","98.00","","0.00%"
"11/12/2020","98.00","98.00","98.00","98.00","","0.00%"
"11/11/2020","98.00","98.00","98.00","98.00","","0.00%"
"11/10/2020","98.00","98.00","98.00","98.00","","0.00%"
"11/09/2020","98.00","98.00","98.00","98.00","","-1.01%"
"11/06/2020","99.00","99.00","99.00","99.00","","0.00%"
"11/05/2020","99.00","99.00","99.00","99.00","","-2.46%"
"11/04/2020","101.50","101.50","101.50","101.50","","-0.49%"
"11/03/2020","102.00","102.00","102.00","102.00","","0.00%"
"11/02/2020","102.00","102.00","102.00","102.00","","-5.22%"
"10/30/2020","107.62","107.62","107.62","107.62","","-0.35%"
"10/29/2020","108.00","108.00","108.00","108.00","","0.00%"
"10/28/2020","108.00","108.00","108.00","108.00","","0.00%"
"10/27/2020","108.00","108.00","108.00","108.00","","0.00%"
"10/26/2020","108.00","108.00","108.00","108.00","","0.00%"
"10/23/2020","108.00","108.00","108.00","108.00","","0.00%"
"10/22/2020","108.00","108.00","108.00","108.00","","0.00%"
"10/21/2020","108.00","108.00","108.00","108.00","","0.00%"
"10/20/2020","108.00","108.00","108.00","108.00","","0.00%"
"10/19/2020","108.00","108.00","108.00","108.00","","-0.92%"
"10/16/2020","109.00","109.00","109.00","109.00","","0.00%"
"10/15/2020","109.00","109.00","109.00","109.00","","0.00%"
"10/14/2020","109.00","109.00","109.00","109.00","","-0.91%"
"10/13/2020","110.00","110.00","110.00","110.00","","-0.90%"
"10/12/2020","111.00","111.00","111.00","111.00","","0.00%"
"10/09/2020","111.00","111.00","111.00","111.00","","-4.31%"
"10/08/2020","116.00","116.00","116.00","116.00","","0.00%"
"10/07/2020","116.00","116.00","116.00","116.00","","0.00%"
"10/06/2020","116.00","116.00","116.00","116.00","","0.00%"
"10/05/2020","116.00","116.00","116.00","116.00","","0.00%"
"10/02/2020","116.00","116.00","116.00","116.00","","0.00%"
"10/01/2020","116.00","116.00","116.00","116.00","","3.59%"
"09/30/2020","111.98","111.98","111.98","111.98","","-0.02%"
"09/29/2020","112.00","112.00","112.00","112.00","","0.00%"
"09/28/2020","112.00","112.00","112.00","112.00","","0.00%"
"09/25/2020","112.00","112.00","112.00","112.00","","0.00%"
"09/24/2020","112.00","112.00","112.00","112.00","","0.00%"
"09/23/2020","112.00","112.00","112.00","112.00","","0.00%"
"09/22/2020","112.00","112.00","112.00","112.00","","-0.88%"
"09/21/2020","113.00","113.00","113.00","113.00","","1.80%"
"09/18/2020","111.00","111.00","111.00","111.00","","0.91%"
"09/17/2020","110.00","110.00","110.00","110.00","","1.85%"
"09/16/2020","108.00","108.00","108.00","108.00","","0.93%"
"09/15/2020","107.00","107.00","107.00","107.00","","0.00%"
"09/14/2020","107.00","107.00","107.00","107.00","","0.00%"
"09/11/2020","107.00","107.00","107.00","107.00","","0.94%"
"09/10/2020","106.00","106.00","106.00","106.00","","0.95%"
"09/09/2020","105.00","105.00","105.00","105.00","","0.96%"
"09/08/2020","104.00","104.00","104.00","104.00","","0.97%"
"09/07/2020","103.00","103.00","103.00","103.00","","0.98%"
"09/04/2020","102.00","102.00","102.00","102.00","","0.00%"
"09/03/2020","102.00","102.00","102.00","102.00","","2.00%"
"09/02/2020","100.00","100.00","100.00","100.00","","5.26%"
"09/01/2020","95.00","95.00","95.00","95.00","","0.00%"
"08/28/2020","95.00","95.00","95.00","95.00","","0.53%"
"08/27/2020","94.50","94.50","94.50","94.50","","0.00%"
"08/26/2020","94.50","94.50","94.50","94.50","","0.53%"
"08/25/2020","94.00","94.00","94.00","94.00","","0.00%"
"08/24/2020","94.00","94.00","94.00","94.00","","1.08%"
"08/21/2020","93.00","93.00","93.00","93.00","","0.54%"
"08/20/2020","92.50","92.50","92.50","92.50","","0.00%"
"08/19/2020","92.50","92.50","92.50","92.50","","0.00%"
"08/18/2020","92.50","92.50","92.50","92.50","","0.00%"
"08/17/2020","92.50","92.50","92.50","92.50","","0.00%"
"08/14/2020","92.50","92.50","92.50","92.50","","0.00%"
"08/13/2020","92.50","92.50","92.50","92.50","","0.00%"
"08/12/2020","92.50","92.50","92.50","92.50","","0.00%"
"08/11/2020","92.50","92.50","92.50","92.50","","0.00%"
"08/10/2020","92.50","92.50","92.50","92.50","","0.00%"
"08/07/2020","92.50","92.50","92.50","92.50","","2.78%"
"08/06/2020","90.00","90.00","90.00","90.00","","0.00%"
"08/05/2020","90.00","90.00","90.00","90.00","","0.00%"
"08/04/2020","90.00","90.00","90.00","90.00","","0.00%"
"08/03/2020","90.00","90.00","90.00","90.00","","4.54%"
"07/31/2020","86.09","86.09","86.09","86.09","","0.69%"
"07/30/2020","85.50","85.50","85.50","85.50","","0.00%"
"07/29/2020","85.50","85.50","85.50","85.50","","0.59%"
"07/28/2020","85.00","85.00","85.00","85.00","","0.00%"
"07/27/2020","85.00","85.00","85.00","85.00","","0.00%"
"07/24/2020","85.00","85.00","85.00","85.00","","0.00%"
"07/23/2020","85.00","85.00","85.00","85.00","","0.00%"
"07/22/2020","85.00","85.00","85.00","85.00","","0.00%"
"07/21/2020","85.00","85.00","85.00","85.00","","0.00%"
"07/20/2020","85.00","85.00","85.00","85.00","","0.00%"
"07/17/2020","85.00","85.00","85.00","85.00","","0.00%"
"07/16/2020","85.00","85.00","85.00","85.00","","0.00%"
"07/15/2020","85.00","85.00","85.00","85.00","","0.00%"
"07/14/2020","85.00","85.00","85.00","85.00","","0.00%"
"07/13/2020","85.00","85.00","85.00","85.00","","0.00%"
"07/10/2020","85.00","85.00","85.00","85.00","","0.00%"
"07/09/2020","85.00","85.00","85.00","85.00","","0.00%"
"07/08/2020","85.00","85.00","85.00","85.00","","0.00%"
"07/07/2020","85.00","85.00","85.00","85.00","","-0.58%"
"07/06/2020","85.50","85.50","85.50","85.50","","0.00%"
"07/03/2020","85.50","85.50","85.50","85.50","","0.00%"
"07/02/2020","85.50","85.50","85.50","85.50","","-2.84%"
"07/01/2020","88.00","88.00","88.00","88.00","","3.53%"
"06/30/2020","85.00","85.00","85.00","85.00","","0.00%"
"06/29/2020","85.00","85.00","85.00","85.00","","0.00%"
"06/26/2020","85.00","85.00","85.00","85.00","","0.00%"
"06/25/2020","85.00","85.00","85.00","85.00","","0.00%"
"06/24/2020","85.00","85.00","85.00","85.00","","0.00%"
"06/23/2020","85.00","85.00","85.00","85.00","","0.00%"
"06/22/2020","85.00","85.00","85.00","85.00","","0.00%"
"06/19/2020","85.00","85.00","85.00","85.00","","0.00%"
"06/18/2020","85.00","85.00","85.00","85.00","","0.00%"
"06/17/2020","85.00","85.00","85.00","85.00","","0.00%"
"06/16/2020","85.00","85.00","85.00","85.00","","0.00%"
"06/15/2020","85.00","85.00","85.00","85.00","","0.00%"
"06/12/2020","85.00","85.00","85.00","85.00","","0.00%"
"06/11/2020","85.00","85.00","85.00","85.00","","0.00%"
"06/10/2020","85.00","85.00","85.00","85.00","","0.00%"
"06/09/2020","85.00","85.00","85.00","85.00","","0.00%"
"06/08/2020","85.00","85.00","85.00","85.00","","0.00%"
"06/05/2020","85.00","85.00","85.00","85.00","","0.00%"
"06/04/2020","85.00","85.00","85.00","85.00","","0.00%"
"06/03/2020","85.00","85.00","85.00","85.00","","0.00%"
"06/02/2020","85.00","85.00","85.00","85.00","","0.00%"
"06/01/2020","85.00","85.00","85.00","85.00","","4.69%"
"05/29/2020","81.19","81.19","81.19","81.19","","0.23%"
"05/28/2020","81.00","81.00","81.00","81.00","","0.00%"
"05/27/2020","81.00","81.00","81.00","81.00","","0.00%"
"05/26/2020","81.00","81.00","81.00","81.00","","1.25%"
"05/22/2020","80.00","80.00","80.00","80.00","","0.00%"
"05/21/2020","80.00","80.00","80.00","80.00","","0.00%"
"05/20/2020","80.00","80.00","80.00","80.00","","0.00%"
"05/19/2020","80.00","80.00","80.00","80.00","","0.00%"
"05/18/2020","80.00","80.00","80.00","80.00","","0.00%"
"05/15/2020","80.00","80.00","80.00","80.00","","0.00%"
"05/14/2020","80.00","80.00","80.00","80.00","","0.00%"
"05/13/2020","80.00","80.00","80.00","80.00","","0.00%"
"05/12/2020","80.00","80.00","80.00","80.00","","-1.54%"
"05/11/2020","81.25","81.25","81.25","81.25","","0.00%"
"05/07/2020","81.25","81.25","81.25","81.25","","0.00%"
"05/06/2020","81.25","81.25","81.25","81.25","","0.00%"
"05/05/2020","81.25","81.25","81.25","81.25","","0.00%"
"05/04/2020","81.25","81.25","81.25","81.25","","0.00%"
"05/01/2020","81.25","81.25","81.25","81.25","","-2.11%"
"04/30/2020","83.00","83.00","83.00","83.00","","0.00%"
"04/29/2020","83.00","83.00","83.00","83.00","","0.61%"
"04/28/2020","82.50","82.50","82.50","82.50","","0.00%"
"04/27/2020","82.50","82.50","82.50","82.50","","0.00%"
"04/24/2020","82.50","82.50","82.50","82.50","","0.00%"
"04/23/2020","82.50","82.50","82.50","82.50","","0.00%"
"04/22/2020","82.50","82.50","82.50","82.50","","0.00%"
"04/21/2020","82.50","82.50","82.50","82.50","","0.00%"
"04/20/2020","82.50","82.50","82.50","82.50","","0.00%"
"04/17/2020","82.50","82.50","82.50","82.50","","0.00%"
"04/16/2020","82.50","82.50","82.50","82.50","","0.00%"
"04/15/2020","82.50","82.50","82.50","82.50","","0.00%"
"04/14/2020","82.50","82.50","82.50","82.50","","-2.94%"
"04/09/2020","85.00","85.00","85.00","85.00","","-5.56%"
"04/08/2020","90.00","90.00","90.00","90.00","","0.00%"
"04/07/2020","90.00","90.00","90.00","90.00","","0.00%"
"04/06/2020","90.00","90.00","90.00","90.00","","0.00%"
"04/03/2020","90.00","90.00","90.00","90.00","","0.00%"
"04/02/2020","90.00","90.00","90.00","90.00","","0.00%"
"04/01/2020","90.00","90.00","90.00","90.00","","-14.46%"
"03/31/2020","105.21","105.21","105.21","105.21","","-0.75%"
"03/30/2020","106.00","106.00","106.00","106.00","","0.00%"
"03/27/2020","106.00","106.00","106.00","106.00","","-0.47%"
"03/26/2020","106.50","106.50","106.50","106.50","","0.00%"
"03/25/2020","106.50","106.50","106.50","106.50","","0.00%"
"03/24/2020","106.50","106.50","106.50","106.50","","0.47%"
"03/23/2020","106.00","106.00","106.00","106.00","","-0.93%"
"03/20/2020","107.00","107.00","107.00","107.00","","0.00%"
"03/19/2020","107.00","107.00","107.00","107.00","","0.00%"
"03/18/2020","107.00","107.00","107.00","107.00","","0.00%"
"03/17/2020","107.00","107.00","107.00","107.00","","0.00%"
"03/16/2020","107.00","107.00","107.00","107.00","","0.94%"
"03/13/2020","106.00","106.00","106.00","106.00","","0.00%"
"03/12/2020","106.00","106.00","106.00","106.00","","-1.40%"
"03/11/2020","107.50","107.50","107.50","107.50","","0.00%"
"03/10/2020","107.50","107.50","107.50","107.50","","-0.16%"
"03/09/2020","107.67","107.67","107.67","107.67","","0.16%"
"03/06/2020","107.50","107.50","107.50","107.50","","0.00%"
"03/05/2020","107.50","107.50","107.50","107.50","","0.00%"
"03/04/2020","107.50","107.50","107.50","107.50","","0.00%"
"03/03/2020","107.50","107.50","107.50","107.50","","0.47%"
"03/02/2020","107.00","107.00","107.00","107.00","","-0.68%"
"02/28/2020","107.73","107.73","107.73","107.73","","0.06%"
"02/27/2020","107.67","107.67","107.67","107.67","","0.16%"
"02/26/2020","107.50","107.50","107.50","107.50","","0.00%"
"02/25/2020","107.50","107.50","107.50","107.50","","0.00%"
"02/24/2020","107.50","107.50","107.50","107.50","","0.00%"
"02/21/2020","107.50","107.50","107.50","107.50","","0.00%"
"02/20/2020","107.50","107.50","107.50","107.50","","0.00%"
"02/19/2020","107.50","107.50","107.50","107.50","","0.00%"
"02/18/2020","107.50","107.50","107.50","107.50","","0.00%"
"02/17/2020","107.50","107.50","107.50","107.50","","0.00%"
"02/14/2020","107.50","107.50","107.50","107.50","","0.00%"
"02/13/2020","107.50","107.50","107.50","107.50","","0.00%"
"02/12/2020","107.50","107.50","107.50","107.50","","0.00%"
"02/11/2020","107.50","107.50","107.50","107.50","","0.00%"
"02/10/2020","107.50","107.50","107.50","107.50","","0.00%"
"02/07/2020","107.50","107.50","107.50","107.50","","0.47%"
"02/06/2020","107.00","107.00","107.00","107.00","","0.00%"
"02/05/2020","107.00","107.00","107.00","107.00","","0.00%"
"02/04/2020","107.00","107.00","107.00","107.00","","1.59%"
"02/03/2020","105.33","105.33","105.33","105.33","","5.81%"
"01/31/2020","99.55","99.55","99.55","99.55","","0.30%"
"01/30/2020","99.25","99.25","99.25","99.25","","0.25%"
"01/29/2020","99.00","99.00","99.00","99.00","","0.00%"
"01/28/2020","99.00","99.00","99.00","99.00","","0.00%"
"01/27/2020","99.00","99.00","99.00","99.00","","0.00%"
"01/24/2020","99.00","99.00","99.00","99.00","","0.00%"
"01/23/2020","99.00","99.00","99.00","99.00","","0.00%"
"01/22/2020","99.00","99.00","99.00","99.00","","0.00%"
"01/21/2020","99.00","99.00","99.00","99.00","","0.00%"
"01/20/2020","99.00","99.00","99.00","99.00","","1.02%"
"01/17/2020","98.00","98.00","98.00","98.00","","1.03%"
"01/16/2020","97.00","97.00","97.00","97.00","","1.04%"
"01/15/2020","96.00","96.00","96.00","96.00","","0.00%"
"01/14/2020","96.00","96.00","96.00","96.00","","0.00%"
"01/13/2020","96.00","96.00","96.00","96.00","","1.05%"
"01/10/2020","95.00","95.00","95.00","95.00","","1.06%"
"01/09/2020","94.00","94.00","94.00","94.00","","1.08%"
"01/08/2020","93.00","93.00","93.00","93.00","","0.00%"
"01/07/2020","93.00","93.00","93.00","93.00","","0.00%"
"01/06/2020","93.00","93.00","93.00","93.00","","0.00%"
"01/03/2020","93.00","93.00","93.00","93.00","","-2.11%"
"01/02/2020","95.00","95.00","95.00","95.00","","16.38%"
"12/31/2019","81.63","81.63","81.63","81.63","","0.78%"
"12/30/2019","81.00","81.00","81.00","81.00","","0.00%"
"12/27/2019","81.00","81.00","81.00","81.00","","0.00%"
"12/24/2019","81.00","81.00","81.00","81.00","","0.00%"
"12/23/2019","81.00","81.00","81.00","81.00","","0.00%"
"12/20/2019","81.00","81.00","81.00","81.00","","0.00%"
"12/19/2019","81.00","81.00","81.00","81.00","","0.00%"
"12/18/2019","81.00","81.00","81.00","81.00","","1.89%"
"12/17/2019","79.50","79.50","79.50","79.50","","3.25%"
"12/16/2019","77.00","77.00","77.00","77.00","","0.00%"
"12/13/2019","77.00","77.00","77.00","77.00","","1.32%"
"12/12/2019","76.00","76.00","76.00","76.00","","1.33%"
"12/11/2019","75.00","75.00","75.00","75.00","","0.00%"
"12/10/2019","75.00","75.00","75.00","75.00","","0.00%"
"12/09/2019","75.00","75.00","75.00","75.00","","0.00%"
"12/06/2019","75.00","75.00","75.00","75.00","","-1.32%"
"12/05/2019","76.00","76.00","76.00","76.00","","-1.30%"
"12/04/2019","77.00","77.00","77.00","77.00","","-1.28%"
"12/03/2019","78.00","78.00","78.00","78.00","","-2.50%"
"12/02/2019","80.00","80.00","80.00","80.00","","-1.90%"
"11/29/2019","81.55","81.55","81.55","81.55","","-0.55%"
"11/28/2019","82.00","82.00","82.00","82.00","","0.00%"
"11/27/2019","82.00","82.00","82.00","82.00","","0.00%"
"11/26/2019","82.00","82.00","82.00","82.00","","0.00%"
"11/25/2019","82.00","82.00","82.00","82.00","","0.00%"
"11/22/2019","82.00","82.00","82.00","82.00","","0.00%"
"11/21/2019","82.00","82.00","82.00","82.00","","0.00%"
"11/20/2019","82.00","82.00","82.00","82.00","","-0.61%"
"11/19/2019","82.50","82.50","82.50","82.50","","0.00%"
"11/18/2019","82.50","82.50","82.50","82.50","","-1.79%"
"11/15/2019","84.00","84.00","84.00","84.00","","0.00%"
"11/14/2019","84.00","84.00","84.00","84.00","","-1.18%"
"11/13/2019","85.00","85.00","85.00","85.00","","-1.16%"
"11/12/2019","86.00","86.00","86.00","86.00","","0.00%"
"11/11/2019","86.00","86.00","86.00","86.00","","-3.10%"
"11/08/2019","88.75","88.75","88.75","88.75","","-0.47%"
"11/07/2019","89.17","89.17","89.17","89.17","","-0.92%"
"11/06/2019","90.00","90.00","90.00","90.00","","-1.10%"
"11/05/2019","91.00","91.00","91.00","91.00","","-1.09%"
"11/04/2019","92.00","92.00","92.00","92.00","","0.00%"
"11/01/2019","92.00","92.00","92.00","92.00","","-5.01%"
"10/31/2019","96.85","96.85","96.85","96.85","","-0.15%"
"10/30/2019","97.00","97.00","97.00","97.00","","0.00%"
"10/29/2019","97.00","97.00","97.00","97.00","","0.00%"
"10/28/2019","97.00","97.00","97.00","97.00","","0.00%"
"10/25/2019","97.00","97.00","97.00","97.00","","0.00%"
"10/24/2019","97.00","97.00","97.00","97.00","","0.00%"
"10/23/2019","97.00","97.00","97.00","97.00","","0.00%"
"10/22/2019","97.00","97.00","97.00","97.00","","-1.02%"
"10/21/2019","98.00","98.00","98.00","98.00","","-0.76%"
"10/18/2019","98.75","98.75","98.75","98.75","","0.00%"
"10/17/2019","98.75","98.75","98.75","98.75","","0.00%"
"10/16/2019","98.75","98.75","98.75","98.75","","0.00%"
"10/15/2019","98.75","98.75","98.75","98.75","","-0.25%"
"10/14/2019","99.00","99.00","99.00","99.00","","0.00%"
"10/11/2019","99.00","99.00","99.00","99.00","","-1.00%"
"10/10/2019","100.00","100.00","100.00","100.00","","0.00%"
"10/09/2019","100.00","100.00","100.00","100.00","","0.00%"
"10/08/2019","100.00","100.00","100.00","100.00","","-1.96%"
"10/07/2019","102.00","102.00","102.00","102.00","","0.00%"
"10/04/2019","102.00","102.00","102.00","102.00","","3.55%"
"10/03/2019","98.50","98.50","98.50","98.50","","0.00%"
"10/02/2019","98.50","98.50","98.50","98.50","","0.00%"
"10/01/2019","98.50","98.50","98.50","98.50","","-8.88%"
"09/30/2019","108.10","108.10","108.10","108.10","","-0.37%"
"09/27/2019","108.50","108.50","108.50","108.50","","0.00%"
"09/26/2019","108.50","108.50","108.50","108.50","","0.00%"
"09/25/2019","108.50","108.50","108.50","108.50","","0.00%"
"09/24/2019","108.50","108.50","108.50","108.50","","0.00%"
"09/23/2019","108.50","108.50","108.50","108.50","","-0.91%"
"09/20/2019","109.50","109.50","109.50","109.50","","0.00%"
"09/19/2019","109.50","109.50","109.50","109.50","","0.00%"
"09/18/2019","109.50","109.50","109.50","109.50","","0.00%"
"09/17/2019","109.50","109.50","109.50","109.50","","0.00%"
"09/16/2019","109.50","109.50","109.50","109.50","","0.00%"
"09/13/2019","109.50","109.50","109.50","109.50","","0.00%"
"09/12/2019","109.50","109.50","109.50","109.50","","0.92%"
"09/11/2019","108.50","108.50","108.50","108.50","","0.00%"
"09/10/2019","108.50","108.50","108.50","108.50","","0.46%"
"09/09/2019","108.00","108.00","108.00","108.00","","0.93%"
"09/06/2019","107.00","107.00","107.00","107.00","","0.94%"
"09/05/2019","106.00","106.00","106.00","106.00","","0.95%"
"09/04/2019","105.00","105.00","105.00","105.00","","1.94%"
"09/03/2019","103.00","103.00","103.00","103.00","","0.98%"
"09/02/2019","102.00","102.00","102.00","102.00","","-0.84%"
"08/30/2019","102.86","102.86","102.86","102.86","","-0.14%"
"08/29/2019","103.00","103.00","103.00","103.00","","0.00%"
"08/28/2019","103.00","103.00","103.00","103.00","","0.00%"
"08/27/2019","103.00","103.00","103.00","103.00","","0.00%"
"08/23/2019","103.00","103.00","103.00","103.00","","0.00%"
"08/22/2019","103.00","103.00","103.00","103.00","","0.00%"
"08/21/2019","103.00","103.00","103.00","103.00","","0.00%"
"08/20/2019","103.00","103.00","103.00","103.00","","0.00%"
"08/19/2019","103.00","103.00","103.00","103.00","","3.00%"
"08/16/2019","100.00","100.00","100.00","100.00","","0.00%"
"08/15/2019","100.00","100.00","100.00","100.00","","0.00%"
"08/14/2019","100.00","100.00","100.00","100.00","","2.04%"
"08/13/2019","98.00","98.00","98.00","98.00","","0.00%"
"08/12/2019","98.00","98.00","98.00","98.00","","0.00%"
"08/09/2019","98.00","98.00","98.00","98.00","","0.00%"
"08/08/2019","98.00","98.00","98.00","98.00","","0.00%"
"08/07/2019","98.00","98.00","98.00","98.00","","0.00%"
"08/06/2019","98.00","98.00","98.00","98.00","","0.00%"
"08/05/2019","98.00","98.00","98.00","98.00","","0.00%"
"08/02/2019","98.00","98.00","98.00","98.00","","0.00%"
"08/01/2019","98.00","98.00","98.00","98.00","","1.53%"
"07/31/2019","96.52","96.52","96.52","96.52","","0.02%"
"07/30/2019","96.50","96.50","96.50","96.50","","0.00%"
"07/29/2019","96.50","96.50","96.50","96.50","","0.00%"
"07/26/2019","96.50","96.50","96.50","96.50","","-0.52%"
"07/25/2019","97.00","97.00","97.00","97.00","","2.11%"
"07/24/2019","95.00","95.00","95.00","95.00","","0.00%"
"07/23/2019","95.00","95.00","95.00","95.00","","0.00%"
"07/22/2019","95.00","95.00","95.00","95.00","","0.00%"
"07/19/2019","95.00","95.00","95.00","95.00","","0.00%"
"07/18/2019","95.00","95.00","95.00","95.00","","0.00%"
"07/17/2019","95.00","95.00","95.00","95.00","","0.00%"
"07/16/2019","95.00","95.00","95.00","95.00","","0.00%"
"07/15/2019","95.00","95.00","95.00","95.00","","0.00%"
"07/12/2019","95.00","95.00","95.00","95.00","","0.00%"
"07/11/2019","95.00","95.00","95.00","95.00","","0.00%"
"07/10/2019","95.00","95.00","95.00","95.00","","0.00%"
"07/09/2019","95.00","95.00","95.00","95.00","","0.00%"
"07/08/2019","95.00","95.00","95.00","95.00","","0.00%"
"07/05/2019","95.00","95.00","95.00","95.00","","0.00%"
"07/04/2019","95.00","95.00","95.00","95.00","","0.00%"
"07/03/2019","95.00","95.00","95.00","95.00","","0.00%"
"07/02/2019","95.00","95.00","95.00","95.00","","-1.73%"
"07/01/2019","96.67","96.67","96.67","96.67","","1.76%"
"06/28/2019","95.00","95.00","95.00","95.00","","0.00%"
"06/27/2019","95.00","95.00","95.00","95.00","","0.00%"
"06/26/2019","95.00","95.00","95.00","95.00","","0.00%"
"06/25/2019","95.00","95.00","95.00","95.00","","0.00%"
"06/24/2019","95.00","95.00","95.00","95.00","","0.00%"
"06/21/2019","95.00","95.00","95.00","95.00","","0.00%"
"06/20/2019","95.00","95.00","95.00","95.00","","0.00%"
"06/19/2019","95.00","95.00","95.00","95.00","","0.00%"
"06/18/2019","95.00","95.00","95.00","95.00","","0.00%"
"06/17/2019","95.00","95.00","95.00","95.00","","0.00%"
"06/14/2019","95.00","95.00","95.00","95.00","","0.00%"
"06/13/2019","95.00","95.00","95.00","95.00","","0.00%"
"06/12/2019","95.00","95.00","95.00","95.00","","0.00%"
"06/11/2019","95.00","95.00","95.00","95.00","","0.00%"
"06/10/2019","95.00","95.00","95.00","95.00","","0.00%"
"06/07/2019","95.00","95.00","95.00","95.00","","0.00%"
"06/06/2019","95.00","95.00","95.00","95.00","","0.00%"
"06/05/2019","95.00","95.00","95.00","95.00","","0.00%"
"06/04/2019","95.00","95.00","95.00","95.00","","-1.04%"
"06/03/2019","96.00","96.00","96.00","96.00","","8.24%"
"05/31/2019","88.69","88.69","88.69","88.69","","0.21%"
"05/30/2019","88.50","88.50","88.50","88.50","","0.28%"
"05/29/2019","88.25","88.25","88.25","88.25","","0.00%"
"05/28/2019","88.25","88.25","88.25","88.25","","0.28%"
"05/24/2019","88.00","88.00","88.00","88.00","","0.00%"
"05/23/2019","88.00","88.00","88.00","88.00","","0.57%"
"05/22/2019","87.50","87.50","87.50","87.50","","0.57%"
"05/21/2019","87.00","87.00","87.00","87.00","","0.00%"
"05/20/2019","87.00","87.00","87.00","87.00","","-0.29%"
"05/17/2019","87.25","87.25","87.25","87.25","","0.29%"
"05/16/2019","87.00","87.00","87.00","87.00","","0.00%"
"05/15/2019","87.00","87.00","87.00","87.00","","0.00%"
"05/14/2019","87.00","87.00","87.00","87.00","","0.00%"
"05/13/2019","87.00","87.00","87.00","87.00","","0.00%"
"05/10/2019","87.00","87.00","87.00","87.00","","2.35%"
"05/09/2019","85.00","85.00","85.00","85.00","","0.00%"
"05/08/2019","85.00","85.00","85.00","85.00","","0.00%"
"05/07/2019","85.00","85.00","85.00","85.00","","-1.16%"
"05/03/2019","86.00","86.00","86.00","86.00","","-2.82%"
"05/02/2019","88.50","88.50","88.50","88.50","","-3.28%"
"05/01/2019","91.50","91.50","91.50","91.50","","0.72%"
"04/30/2019","90.85","90.85","90.85","90.85","","-0.16%"
"04/29/2019","91.00","91.00","91.00","91.00","","-0.82%"
"04/26/2019","91.75","91.75","91.75","91.75","","-0.27%"
"04/25/2019","92.00","92.00","92.00","92.00","","-0.54%"
"04/24/2019","92.50","92.50","92.50","92.50","","0.00%"
"04/23/2019","92.50","92.50","92.50","92.50","","0.13%"
"04/18/2019","92.38","92.38","92.38","92.38","","-0.67%"
"04/17/2019","93.00","93.00","93.00","93.00","","0.00%"
"04/16/2019","93.00","93.00","93.00","93.00","","0.00%"
"04/15/2019","93.00","93.00","93.00","93.00","","0.00%"
"04/12/2019","93.00","93.00","93.00","93.00","","0.00%"
"04/11/2019","93.00","93.00","93.00","93.00","","-0.18%"
"04/10/2019","93.17","93.17","93.17","93.17","","0.18%"
"04/09/2019","93.00","93.00","93.00","93.00","","1.36%"
"04/08/2019","91.75","91.75","91.75","91.75","","0.00%"
"04/05/2019","91.75","91.75","91.75","91.75","","0.00%"
"04/04/2019","91.75","91.75","91.75","91.75","","0.00%"
"04/03/2019","91.75","91.75","91.75","91.75","","0.00%"
"04/02/2019","91.75","91.75","91.75","91.75","","0.82%"
"04/01/2019","91.00","91.00","91.00","91.00","","3.29%"
"03/29/2019","88.10","88.10","88.10","88.10","","0.40%"
"03/28/2019","87.75","87.75","87.75","87.75","","0.09%"
"03/27/2019","87.67","87.67","87.67","87.67","","0.00%"
"03/26/2019","87.67","87.67","87.67","87.67","","0.00%"
"03/25/2019","87.67","87.67","87.67","87.67","","0.00%"
"03/22/2019","87.67","87.67","87.67","87.67","","0.00%"
"03/21/2019","87.67","87.67","87.67","87.67","","0.00%"
"03/20/2019","87.67","87.67","87.67","87.67","","0.39%"
"03/19/2019","87.33","87.33","87.33","87.33","","0.09%"
"03/18/2019","87.25","87.25","87.25","87.25","","0.87%"
"03/15/2019","86.50","86.50","86.50","86.50","","0.38%"
"03/14/2019","86.17","86.17","86.17","86.17","","0.20%"
"03/13/2019","86.00","86.00","86.00","86.00","","0.00%"
"03/12/2019","86.00","86.00","86.00","86.00","","-0.20%"